"#abligurio, abligurire, abligurivi, abliguritus  V (4th) TRANS                                       [XXXEO] :: eat up (dainties); consume in dainty living; waste, squander; waste in feasting;"
"#abligurrio, abligurrire, abligurrivi, abligurritus  V (4th) TRANS                                   [XXXFL] :: eat up (dainties); consume in dainty living; waste, squander; waste in feasting;"
"#abortio, abortire, -, -  V (4th) INTRANS                                                            [DBXFS] :: miscarry;"
"#absilio, absilire, -, -  V (4th) INTRANS                                                            [XXXDO] :: rush/fly away (from); burst/fly apart;"
"#accersio, accersire, -, -  V (4th) TRANS                                                            [XXXDO] :: send for, summon; indict/accuse; fetch, import; invite; invoke; bring on oneself"
"#accio, accire, accivi, accitus  V (4th) TRANS                                                       [XXXBO] :: send for, summon (forth), fetch; invite; (w/mortum) commit suicide;"
"#adaperio, adaperire, adaperivi, adaperitus  V (4th) TRANS                                           [EXXFW] :: throw open, open wide; unroll (scroll), open (book); uncover, reveal; open up;"
"#addormio, addormire, addormivi, addormitus  V (4th) INTRANS                                         [DXXFS] :: fall asleep, go to sleep; begin to sleep;"
"#adessurio, adessurire, adessurivi, adessuritus  V (4th) INTRANS                                     [XXXFO] :: be very hungry/starving;"
"#adesurio, adesurire, adesurivi, adesuritus  V (4th) INTRANS                                         [XXXFO] :: be very hungry/starving;"
"#adhinnio, adhinnire, adhinnivi, adhinnitus  V (4th)                                                 [XAXCO] :: whinny to/at; express delight; strive after/long for with voluptuous desire;"
"#adinvenio, adinvenire, adinveni, adinventus  V (4th) TRANS                                          [XXXFO] :: devise/invent/find out (in addition/intensive);"
"#admoenio, admoenire, admoenivi, admoenitus  V (4th) TRANS                                           [XXXEO] :: bring (siege engine) into operation, draw near the walls; besiege, invest;"
"#admugio, admugire, -, -  V (4th) INTRANS                                                            [XAXFO] :: low (to); bellow (to); (like a bull);"
"#adnutrio, adnutrire, -, -  V (4th) TRANS                                                            [XXXFO] :: train (on);"
"#adolescenturio, adolescenturire, -, -  V (4th) INTRANS                                              [XXXFO] :: want to behave in a youthful manner;"
"#adoperio, adoperire, adoperui, adopertus  V (4th) TRANS                                             [XXXEO] :: cover, cover over;"
"#adorio, adorire, -, adoritus  V (4th) TRANS                                                         [XWXBO] :: assail/assault/attack, rise against (military/political/plague); accost/address;"
"#adorio, adorire, -, adoritus  V (4th) TRANS                                                         [XWXBO] :: |improperly influence; undertake/try/attempt/come to grips; begin/set to work;"
"#adscio, adscire, -, -  V (4th) TRANS                                                                [XXXDO] :: take to/up; associate, admit; adopt as one's own; take upon (General's) staff;"
"#adsentio, adsentire, adsensi, adsensus  V (4th) INTRANS                                             [XXXCO] :: assent, approve, agree in opinion; admit the truth of (w/DAT), agree (with);"
"#adservio, adservire, adservivi, adservitus  V (4th) DAT                                             [XXXFO] :: devote/apply oneself to (w/DAT); aid, help, assist;"
"#adsilio, adsilire, adsilui, adsultus  V (4th)                                                       [XXXBO] :: jump/leap (up/on/towards), rush/dash (at/against), assault; mount (male-female);"
"#adulescenturio, adulescenturire, -, -  V (4th) INTRANS                                              [XXXFO] :: want to behave in a youthful manner;"
"#advenio, advenire, adveni, adventus  V (4th) INTRANS                                                [XXXAO] :: come to, arrive; arrive at, reach, be brought; develop, set in, arise;"
"#amaturio, amaturire, amaturivi, amaturitus  V (4th) TRANS                                           [DXXFS] :: wish to love;"
"#ambio, ambire, ambivi, ambitus  V (4th)                                                             [XXXAO] :: go round, visit in rotation, inspect; solicit, canvass; circle, embrace;"
"#amicio, amicire, amicui, amictus  V (4th) TRANS                                                     [XXXBO] :: clothe, cover, dress; wrap about; surround; veil; clothe with words;"
"#amicio, amicire, amixi, amictus  V (4th) TRANS                                                      [XXXBO] :: clothe, cover, dress; wrap about; surround; veil; clothe with words;"
"#ammoenio, ammoenire, ammoenivi, ammoenitus  V (4th) TRANS                                           [XXXEO] :: bring (siege engine) into operation, draw near the walls; besiege, invest;"
"#ammugio, ammugire, -, -  V (4th) INTRANS                                                            [XAXFO] :: low (to); bellow (to); (like a bull);"
"#annutrio, annutrire, -, -  V (4th) TRANS                                                            [XXXNO] :: train (on);"
"#antemoenio, antemoenire, antemoenivi, antemoenitus  V (4th) TRANS                                   [XWXFS] :: provide with a front/protecting wall, provide with a rampart;"
"#antevenio, antevenire, anteveni, anteventus  V (4th)                                                [XXXCO] :: come/go/arrive/act before, get in front of; anticipate, forestall; surpass;"
"#aperio, aperire, aperui, apertus  V (4th) TRANS                                                     [XXXAO] :: uncover, open, disclose; explain, recount; reveal; found; excavate; spread out;"
"#apsilio, apsilire, -, -  V (4th) INTRANS                                                            [XXXDO] :: rush/fly away (from); burst/fly apart;"
"#arcersio, arcersire, arcersivi, arcersitus  V (4th) TRANS                                           [XXXCS] :: send for, summon; indict/accuse; fetch, import; invite; invoke; bring on oneself"
"#arcessio, arcessire, arcessivi, arcesitus  V (4th) TRANS                                            [XXXCS] :: send for, summon; indict/accuse; fetch, import; invite; invoke; bring on oneself"
"#artio, artire, artivi, -  V (4th) TRANS                                                             [XTXEO] :: insert tightly, wedge; be a tight fit, crowd;"
"#ascio, ascire, -, -  V (4th) TRANS                                                                  [XXXDO] :: take to/up; associate, admit; adopt as one's own; take upon (General's) staff;"
"#assentio, assentire, assensi, assensus  V (4th) INTRANS                                             [XXXCO] :: assent, approve, agree in opinion; admit the truth of (w/DAT), agree (with);"
"#asservio, asservire, asservivi, asservitus  V (4th) DAT                                             [XXXFO] :: devote/apply oneself to (w/DAT); aid, help, assist;"
"#assilio, assilire, assilui, assultus  V (4th)                                                       [XXXBO] :: jump/leap (up/on/towards), rush/dash (at/against), assault; mount (male-female);"
"#attachio, attachire, attachivi, attachitus  V (4th)                                                 [FXXFM] :: attach; fasten;"
"#audio, audire, audivi, auditus  V (4th)                                                             [XXXAO] :: hear, listen, accept, agree with; obey; harken, pay attention; be able to hear;"
"#balbutio, balbutire, -, -  V (4th)                                                                  [XXXCO] :: stammer, stutter; lisp; speak obscurely/indistinctly; babble;"
"#balbuttio, balbuttire, -, -  V (4th)                                                                [XXXCO] :: stammer, stutter; lisp; speak obscurely/indistinctly; babble;"
"#barbio, barbire, barbivi, barbitus  V (4th) INTRANS                                                 [DXXES] :: raise/grow a beard;"
"#barrio, barrire, -, -  V (4th) INTRANS                                                              [XAXFO] :: trumpet (of an elephant);"
"#bipartio, bipartire, bipartivi, bipartitus  V (4th) TRANS                                           [XXXES] :: divide in two parts; bisect; divide;"
"#bipertio, bipertire, bipertivi, bipertitus  V (4th) TRANS                                           [XXXEO] :: divide in two parts; bisect; divide;"
"#blandio, blandire, blandivi, blanditus  V (4th) INTRANS                                             [XXXBO] :: flatter, delude; fawn; coax, urge, behave/speak ingratiatingly; allure; please;"
"#blatio, blatire, -, -  V (4th)                                                                      [XXXEO] :: prate, babble; utter in a babbling way; (applied to sounds of certain animals);"
"#bombio, bombire, bombivi, bombitus  V (4th) INTRANS                                                 [XXXFO] :: buzz, hum;"
"#borrio, borrire, borrivi, borritus  V (4th) INTRANS                                                 [XXXFO] :: swarm;"
"#bullio, bullire, bullivi, bullitus  V (4th) INTRANS                                                 [XXXCO] :: bubble, boil; make bubbles; boil (with indignation);"
"#burrio, burrire, burrivi, burritus  V (4th) INTRANS                                                 [DXXFS] :: swarm;"
"#cacaturio, cacaturire, cacaturivi, cacaturitus  V (4th) INTRANS                                     [XBXEO] :: have urge to defecate; (rude);"
"#caecutio, caecutire, -, -  V (4th) INTRANS                                                          [XBXEO] :: be blind, see poorly/faultily;"
"#caecuttio, caecuttire, -, -  V (4th) INTRANS                                                        [XBXEO] :: be blind, see poorly/faultily;"
"#caenaturio, caenaturire, -, -  V (4th) INTRANS                                                      [XXXFO] :: desire to dine; have an appetite for dinner;"
"#calvio, calvire, calvivi, calvitus  V (4th) TRANS                                                   [DXXES] :: deceive, intrigue/use subterfuge/tricks against; be tricked/deceived (PASS);"
"#cambio, cambire, campsi, cambitus  V (4th) TRANS                                                    [XXXFS] :: exchange, barter;"
"#canturio, canturire, canturivi, canturitus  V (4th)                                                 [XXXEO] :: recite with musical intonation; sing continuously (birds); chirp;"
"#catulio, catulire, -, -  V (4th) INTRANS                                                            [XAXEO] :: be in heat, desire to mate; (e.g., a bitch);"
"#caurio, caurire, -, -  V (4th) INTRANS                                                              [XAXFS] :: gurr; (natural sound of rutting panther);"
"#cenaturio, cenaturire, -, -  V (4th) INTRANS                                                        [XXXFO] :: desire to dine; have an appetite for dinner;"
"#circumfarcio, circumfarcire, circumfarsi, circumfartus  V (4th) TRANS                               [XXXNO] :: pack/stuff/cram round (with);"
"#circumfinio, circumfinire, circumfinivi, circumfinitus  V (4th) TRANS                               [DXXFS] :: complete a circle; bring to an end;"
"#circumfulcio, circumfulcire, circumfulsi, circumfultus  V (4th) TRANS                               [DXXFS] :: support/hold up around;"
"#circumlinio, circumlinire, -, -  V (4th) TRANS                                                      [XXXCO] :: smear/anoint all over (with); decorate, daub/paint around, paint background;"
"#circummetio, circummetire, -, circummensus  V (4th) TRANS                                           [XXXFO] :: measure round about;"
"#circummoenio, circummoenire, circummoenivi, circummoenitus  V (4th) TRANS                           [XWXDO] :: invest with walls/siege works; wall/hem in, secure; fence around; fortify;"
"#circummugio, circummugire, circummugivi, circummugitus  V (4th) TRANS                               [XAXEO] :: moo/low/bellow round;"
"#circummunio, circummunire, circummunivi, circummunitus  V (4th) TRANS                               [XWXDO] :: invest with walls/siege works; wall/hem in, secure; fence around; fortify;"
"#circumpavio, circumpavire, circumpavivi, circumpavitus  V (4th) TRANS                               [XXXNO] :: beat down hard all around;"
"#circumretio, circumretire, circumretivi, circumretitus  V (4th) TRANS                               [XXXEO] :: encircle with a net; ensnare;"
"#circumsilio, circumsilire, -, -  V (4th)                                                            [XXXEO] :: leap/spring/hop round;"
"#circumtinnio, circumtinnire, circumtinnivi, circumtinnitus  V (4th) TRANS                           [XXXFO] :: clash/ring/tinkle round about/all around;"
"#circumvenio, circumvenire, circumveni, circumventus  V (4th) TRANS                                  [XXXBO] :: encircle, surround; assail, beset; enclose; circumvent; defraud/trick; surpass;"
"#circumvestio, circumvestire, circumvestivi, circumvestitus  V (4th) TRANS                           [XXXEO] :: clothe, cover over, surround with a covering; wrap up (in words); cloak;"
"#circumvincio, circumvincire, circumvinxi, circumvinctus  V (4th) TRANS                              [XXXEO] :: bind/fasten round;"
"#coaudio, coaudire, coaudivi, coauditus  V (4th) TRANS                                               [XXXEO] :: confine to narrow space, cramp; make narrower; narrow/limit scope/application;"
"#coenaturio, coenaturire, -, -  V (4th) INTRANS                                                      [XXXFS] :: desire to dine; have an appetite for dinner;"
"#coinquio, coinquire, -, -  V (4th) TRANS                                                            [XXXIO] :: cut back, prune; cut off, cut down (L+S);"
"#comaudio, comaudire, comaudivi, comauditus  V (4th) TRANS                                           [XXXEO] :: confine to narrow space, cramp; make narrower; narrow/limit scope/application;"
"#combullio, combullire, combullivi, combullitus  V (4th) TRANS                                       [XXXFO] :: boil fully/thoroughly;"
"#commoenio, commoenire, commoenivi, commoenitus  V (4th) TRANS                                       [XWXCO] :: strongly fortify, entrench; strengthen, secure, reinforce;"
"#commollio, commollire, -, -  V (4th) TRANS                                                          [DXXFS] :: soften;"
"#communio, communire, communivi, communitus  V (4th) TRANS                                           [XWXCO] :: fortify strongly, entrench, barricade; strengthen, secure, reinforce;"
"#comparturio, comparturire, comparturivi, comparturitus  V (4th) INTRANS                             [DXXES] :: be associated in childbirth with any one;"
"#compavio, compavire, -, compavitus  V (4th) TRANS                                                   [XXXFO] :: trample on; beat (L+S);"
"#compedio, compedire, compedivi, compeditus  V (4th) TRANS                                           [XXXEO] :: shackle, fetter; put fetters on;"
"#comperio, comperire, comperi, compertus  V (4th) TRANS                                              [XXXAO] :: learn/discover/find (by investigation); verify/know for certain; find guilty;"
"#compotio, compotire, compotivi, compotitus  V (4th) TRANS                                           [XXXDO] :: put in possession of, make partaker of; (PASS) attain; obtain, come into (L+S);"
"#conbullio, conbullire, conbullivi, conbullitus  V (4th) TRANS                                       [XXXFO] :: boil fully/thoroughly;"
"#concio, concire, concivi, concitus  V (4th) TRANS                                                   [XXXCO] :: move, set in violent motion, stir up; muster; rouse, excite, incite, provoke;"
"#concustodio, concustodire, concustodivi, concustoditus  V (4th) TRANS                               [XXXDO] :: watch over/carefully, guard, protect;"
"#condio, condire, condivi, conditus  V (4th) TRANS                                                   [XXXCO] :: preserve/pickle; embalm/mummify; spice; season/flavor/render pleasant/give zest;"
"#condormio, condormire, condormivi, condormitus  V (4th) INTRANS                                     [XXXEO] :: sleep soundly; be fast asleep;"
"#confercio, confercire, confersi, confertus  V (4th) TRANS                                           [XXXCO] :: stuff/cram/pack/press (close) together; fill densely; raise a shout in unison;"
"#conforio, conforire, conforivi, -  V (4th) TRANS                                                    [XXXFO] :: defile/pollute with ordure/diarrhea; (rude);"
"#confulcio, confulcire, confulsi, confultus  V (4th) TRANS                                           [XXXFO] :: press together;"
"#congarrio, congarrire, congarrivi, congarritus  V (4th) TRANS                                       [XXXFO] :: prattle;"
"#conpavio, conpavire, -, conpavitus  V (4th) TRANS                                                   [XXXFO] :: trample on; beat (L+S);"
"#conpedio, conpedire, conpedivi, conpeditus  V (4th) TRANS                                           [XXXEO] :: shackle, fetter; put fetters on;"
"#conperio, conperire, conperi, conpertus  V (4th) TRANS                                              [XXXAO] :: learn/discover/find (by investigation); verify/know for certain; find guilty;"
"#conpotio, conpotire, conpotivi, conpotitus  V (4th) TRANS                                           [XXXDO] :: put in possession of, make partaker of; (PASS) attain; obtain, come into (L+S);"
"#consaepio, consaepire, consaepsi, consaeptus  V (4th) TRANS                                         [XXXCO] :: surround with a wall/fence/hedge; enclose, fence; fence/hedge in;"
"#consario, consarire, consarivi, consaritus  V (4th) TRANS                                           [XAXES] :: hoe thoroughly/to pieces; hoe; weed (crops); dig over (land); rake (L+S);"
"#consario, consarire, consarui, consaritus  V (4th)                                                  [XAXCO] :: hoe thoroughly/to pieces; hoe; weed (crops); dig over (land); rake (L+S);"
"#consario, consarire, consarui, consaritus  V (4th) TRANS                                            [XAXEO] :: hoe thoroughly/to pieces; rake (L+S);"
"#consarrio, consarrire, consarrivi, consarritus  V (4th) TRANS                                       [XAXES] :: hoe thoroughly/to pieces; hoe; weed (crops); dig over (land); rake (L+S);"
"#consarrio, consarrire, consarrui, consarritus  V (4th) TRANS                                        [XAXEO] :: hoe thoroughly/to pieces; hoe; weed (crops); dig over (land); rake (L+S);"
"#conscio, conscire, conscivi, -  V (4th)                                                             [XXXEO] :: feel guilty; be conscious of (wrong); have on conscience; know well (late);"
"#consentio, consentire, consensi, consensus  V (4th)                                                 [XXXAO] :: join/share in sensation/feeling; be in agreement/harmony; be of the same mind;"
"#consentio, consentire, consensi, consensus  V (4th)                                                 [XXXAO] :: |act together; plot, conspire, combine; coincide; be in conjunction (planets);"
"#consentio, consentire, consensi, consensus  V (4th)                                                 [XXXAO] :: ||agree, consent; fit/be consistent/in sympathy/unison with; favor; assent to;"
"#consepelio, consepelire, conseplivi, consepultus  V (4th) TRANS                                     [EXXFE] :: bury with;"
"#consepio, consepire, consepsi, conseptus  V (4th) TRANS                                             [XXXCO] :: surround with a wall/fence/hedge; enclose, fence; fence/hedge in;"
"#consipio, consipire, consipsi, consiptus  V (4th) TRANS                                             [BXXCO] :: surround with a wall/fence/hedge; enclose, fence; fence/hedge in;"
"#consopio, consopire, consopivi, consopitus  V (4th) TRANS                                           [XXXCO] :: lull/put to sleep, make unconscious; stupefy, benumb; make obsolete;"
"#conspelio, conspelire, -, conspultus  V (4th) TRANS                                                 [DEXFS] :: bury with;"
"#constabilio, constabilire, constabilivi, constabilitus  V (4th) TRANS                               [XXXEO] :: establish; put on a firm basis; strengthen; confirm, make firm (L+S);"
"#contravenio, contravenire, contraveni, contraventus  V (4th) INTRANS                                [DXXFS] :: oppose;"
"#contrio, contrire, -, -  V (4th) TRANS                                                              [XXXFO] :: wear down;"
"#convenio, convenire, conveni, conventus  V (4th)                                                    [XXXAO] :: be appropriate to, fit, be correctly shaped/consistent; harmonize, agree, tally;"
"#convenio, convenire, conveni, conventus  V (4th)                                                    [XXXAO] :: |meet/assemble; go to meet; come together; (have sex); converge; visit/approach;"
"#convenio, convenire, conveni, conventus  V (4th)                                                    [XXXAO] :: ||resort to; sue, prosecute, take legal action; be agreed upon/arranged (PASS);"
"#convenit, convenire, convenit, conventus est  V (4th) IMPERS                                        [XXXCO] :: it agrees/came together/is agreed/asserted; [bene ~ nobis=>we're on good terms];"
"#convestio, convestire, convestivi, convestitus  V (4th)                                             [XXXCO] :: clothe, dress; cover; cover with clothing (L+S); surround;"
"#cooperio, cooperire, cooperui, coopertus  V (4th) TRANS                                             [XXXCO] :: cover wholly/completely, cover up; overwhelm, bury deep; [lapidibus ~ => stone];"
"#coperio, coperire, coperui, copertus  V (4th) TRANS                                                 [XXXDX] :: cover wholly/completely, cover up; overwhelm, bury deep; [lapidibus ~ => stone];"
"#cosentio, cosentire, cosensi, cosensus  V (4th)                                                     [XXXIS] :: join/share in sensation/feeling; be in agreement/harmony; be of the same mind;"
"#cosentio, cosentire, cosensi, cosensus  V (4th)                                                     [XXXIS] :: |act together; plot, conspire, combine; coincide; be in conjunction (planets);"
"#cosentio, cosentire, cosensi, cosensus  V (4th)                                                     [XXXIS] :: ||agree, consent; fit/be consistent/in sympathy/unison with; favor; assent to;"
"#cratio, cratire, crativi, cratitus  V (4th) TRANS                                                   [XAXNO] :: bush-harrow;"
"#crinio, crinire, -, crinitus  V (4th) TRANS                                                         [XXXEO] :: deck/cover/provide with hair;"
"#croccio, croccire, -, -  V (4th) INTRANS                                                            [XAXEO] :: croak/caw (like a raven);"
"#crocio, crocire, -, -  V (4th) INTRANS                                                              [XAXES] :: croak/caw (like a raven);"
"#cuccubio, cuccubire, -, -  V (4th) INTRANS                                                          [XAXFO] :: hoot; (of owls);"
"#cucurrio, cucurrire, -, -  V (4th) INTRANS                                                          [XAXFO] :: crow; (of cocks);"
"#cunio, cunire, -, -  V (4th) INTRANS                                                                [XXXFO] :: defecate;"
"#custodio, custodire, custodivi, custoditus  V (4th) TRANS                                           [XXXAO] :: guard/protect/preserve, watch over, keep safe; take heed/care, observe; restrain"
"#decutio, decutire, -, -  V (4th) TRANS                                                              [DXXFS] :: flay, skin; deprive of skin;"
"#definio, definire, definivi, definitus  V (4th) TRANS                                               [XXXBO] :: define/bound/fix/limit/mark; restrict/confine; assign, ordain; lay down (rule);"
"#definio, definire, definivi, definitus  V (4th) TRANS                                               [XXXBO] :: |finish off/put an end/end the life; determine, settle; specify, sum up; assert;"
"#deglutio, deglutire, deglutivi, deglutitus  V (4th) TRANS                                           [DXXCS] :: swallow down; overwhelm, abolish (L+S);"
"#degluttio, degluttire, degluttivi, degluttitus  V (4th) TRANS                                       [XXXCO] :: swallow down; overwhelm, abolish (L+S);"
"#degrunnio, degrunnire, -, -  V (4th) INTRANS                                                        [XXXFO] :: give a performance of grunting; grunt hard (L+S);"
"#dehaurio, dehaurire, dehausi, dehaustus  V (4th) TRANS                                              [XXXFO] :: drain off; skim off (L+S); (late) swallow, swallow down;"
"#dehorio, dehorire, -, -  V (4th) TRANS                                                              [DXXFS] :: drain off; skim off (L+S); (late) swallow, swallow down;"
"#delenio, delenire, delenivi, delenitus  V (4th) TRANS                                               [XXXCO] :: mitigate, mollify, smooth down, soothe; soften, cajole; bewitch, charm, entice;"
"#delinio, delinire, delinivi, delinitus  V (4th) TRANS                                               [XXXCO] :: mitigate, mollify, smooth down, soothe; soften, cajole; bewitch, charm, entice;"
"#dementio, dementire, -, -  V (4th) INTRANS                                                          [XXXEO] :: become deranged; lose one's reason; be mad, rave;"
"#demolio, demolire, demolivi, demolitus  V (4th) TRANS                                               [XXXCO] :: throw/cast off, remove; pull/tear down, demolish/destroy/lay waste; abolish;"
"#demugio, demugire, demugivi, demugitus  V (4th) TRANS                                               [XAXFO] :: fill with the sound of lowing/bellowing;"
"#demuttio, demuttire, -, -  V (4th) INTRANS                                                          [DXXFS] :: speak very softly;"
"#dentio, dentire, -, -  V (4th) INTRANS                                                              [XXXEO] :: teethe, cut teeth; (of teeth) grow longer (for lack of food to eat);"
"#deoperio, deoperire, deoperui, deopertus  V (4th) TRANS                                             [XXXNO] :: uncover, lay bare; open up; disclose (L+S);"
"#deorio, deorire, -, -  V (4th) TRANS                                                                [XXXFO] :: drain off; skim off (L+S); (late) swallow, swallow down;"
"#depolio, depolire, depolivi, depolitus  V (4th) TRANS                                               [XXXEO] :: polish thoroughly; smooth, polish off (L+S);"
"#depuio, depuire, depuivi, -  V (4th) TRANS                                                          [XXXFO] :: beat thoroughly; strike, beat;"
"#depuvio, depuvire, depuvivi, -  V (4th) TRANS                                                       [XXXEO] :: beat thoroughly; strike, beat;"
"#desaevio, desaevire, desaevi, desaevitus  V (4th) INTRANS                                           [XXXEO] :: rage, rave furiously; work off/vent one's rage;"
"#desaevio, desaevire, desaevivi, desaevitus  V (4th) INTRANS                                         [XXXCO] :: rage, rave furiously; work off/vent one's rage;"
"#deservio, deservire, deservivi, deservitus  V (4th) DAT                                             [XXXCO] :: serve; devote oneself to (interest/job); be subject to; be of service/use to;"
"#desilio, desilire, desilivi, desultus  V (4th) TRANS                                                [XXXDO] :: leap/jump down, dismount, alight; (chariot); jump headlong, venture heedlessly;"
"#desilio, desilire, desilui, desultus  V (4th) TRANS                                                 [XXXCO] :: leap/jump down, dismount, alight; (chariot); jump headlong, venture heedlessly;"
"#desilio, desilire, desului, desultus  V (4th) TRANS                                                 [BXXFS] :: leap/jump down, dismount, alight; (chariot); jump headlong, venture heedlessly;"
"#devenio, devenire, deveni, deventus  V (4th) INTRANS                                                [XXXBO] :: come to, arrive/turn up (at); go (to see/stay); reach; land; turn to; extend to;"
"#devestio, devestire, devestivi, devestitus  V (4th) TRANS                                           [XXXFO] :: undress (w/ABL); change/take off clothes; strip (off);"
"#devincio, devincire, devinxi, devinctus  V (4th) TRANS                                              [XXXBO] :: tie/bind up, hold/fix fast; subjugate; obligate/oblige/constrain; unite closely;"
"#dicturio, dicturire, -, -  V (4th) TRANS                                                            [DXXFS] :: long/want/wish to say/tell;"
"#diffinio, diffinire, diffinivi, diffinitus  V (4th) TRANS                                           [FXXFO] :: define/bound/fix/limit/mark; restrict/confine; assign, ordain; lay down (rule);"
"#digrunnio, digrunnire, -, -  V (4th) INTRANS                                                        [XXXFS] :: grunt hard; give a performance of grunting;"
"#dilargio, dilargire, dilargivi, dilargitus  V (4th) TRANS                                           [FXXEE] :: lavish; give away freely; give/bestow liberally/profusely/recklessly;"
"#dimolio, dimolire, dimolivi, dimolitus  V (4th) TRANS                                               [XXXCO] :: throw/cast off, remove; pull/tear down, demolish/destroy/lay waste; abolish;"
"#disconvenio, disconvenire, -, -  V (4th)                                                            [XXXDX] :: be inconsistent, be different;"
"#discooperio, discooperire, discooperui, discoopertus  V (4th) TRANS                                 [EXXDS] :: expose, bare, lay bare, uncover; disclose; put/take off, remove;"
"#discoperio, discoperire, discoperui, discopertus  V (4th) TRANS                                     [EXXDP] :: expose, bare, lay bare, uncover; disclose; put/take off, remove;"
"#disilio, disilire, disilivi, disilitus  V (4th) INTRANS                                             [FXXEE] :: leap from one place to another;"
"#dispartio, dispartire, dispartivi, dispartitus  V (4th) TRANS                                       [XXXDO] :: divide (up); distribute; assign; separate into lots/groups;"
"#dispertio, dispertire, dispertivi, dispertitus  V (4th) TRANS                                       [XXXCO] :: divide (up); distribute; assign; separate into lots/groups;"
"#disseisio, disseisire, disseisivi, disseisitus  V (4th)                                             [FLXFJ] :: disseise; dispossess; put out of seisin/possession (usu. wrongfully); oust;"
"#dissentio, dissentire, dissensi, dissensus  V (4th)                                                 [XXXDX] :: dissent, disagree; differ;"
"#dissilio, dissilire, dissilui, -  V (4th)                                                           [XXXDX] :: fly/leap/burst apart; break up; be broken up; burst; split;"
"#dormio, dormire, dormivi, dormitus  V (4th) INTRANS                                                 [XXXBO] :: sleep, rest; be/fall asleep; behave as if asleep; be idle, do nothing;"
"#ebullio, ebullire, ebullivi, ebullitus  V (4th)                                                     [XXXDO] :: spout out; chatter about; burst/break/send out; [animam ~ => expire];"
"#ebullio, ebullire, ebullivi, ebullitus  V (4th)                                                     [XXXDO] :: |bubble; boil-up; produce in abundance;"
"#edormio, edormire, edormivi, -  V (4th)                                                             [XXXDX] :: sleep, sleep off;"
"#effarcio, effarcire, -, effartus  V (4th)                                                           [XXXEC] :: stuff full;"
"#effercio, effercire, -, effertus  V (4th)                                                           [XXXEC] :: stuff full;"
"#effutio, effutire, effutivi, effutitus  V (4th) TRANS                                               [XXXCO] :: blurt out; blab, babble, prate, chatter; utter foolishly/irresponsibly;"
"#effuttio, effuttire, effuttivi, effuttitus  V (4th) TRANS                                           [XXXCO] :: blurt out; blab, babble, prate, chatter; utter foolishly/irresponsibly;"
"#elargio, elargire, -, elargitus  V (4th) TRANS                                                      [XXXFE] :: bestow freely upon; give out, distribute (Ecc);"
"#emollio, emollire, emollivi, emollitus  V (4th)                                                     [XXXDX] :: soften; enervate, mellow;"
"#emunio, emunire, emunivi, emunitus  V (4th)                                                         [XXXDX] :: fortify; make roads through;"
"#enutrio, enutrire, enutrivi, enutritus  V (4th) TRANS                                               [XXXCO] :: nurture, rear (offspring);"
"#erudio, erudire, erudivi, eruditus  V (4th)                                                         [XXXBX] :: educate, teach, instruct;"
"#essendio, essendire, -, -  V (4th) TRANS                                                            [DEXEZ] :: make real; endow with essence;"
"#essentio, essentire, essensi, essensus  V (4th) TRANS                                               [DEXEM] :: make real; endow with essence;"
"#esurio, esurire, esurivi, esuritus  V (4th)                                                         [XXXDX] :: be hungry, hunger; want to eat, desire food; desire eagerly;"
"#evenio, evenire, eveni, eventus  V (4th)                                                            [XXXAX] :: come out/about/forth; happen; turn out;"
"#evenit, evenire, evenit, eventus est  V (4th) IMPERS                                                [XXXDX] :: it happens, it turns out; come out, come forth;"
"#exaperio, exaperire, exaperui, exapertus  V (4th) TRANS                                             [XXXEE] :: disclose; explain; disentangle;"
"#exaudio, exaudire, exaudivi, exauditus  V (4th)                                                     [XXXBX] :: hear clearly; comply with, heed; hear from afar; understand;"
"#excio, excire, excivi, excitus  V (4th)                                                             [XXXDX] :: rouse; call out send for; summon; evoke;"
"#exhaurio, exhaurire, exhausi, exhaustus  V (4th)                                                    [XXXDX] :: draw out; drain, drink up, empty; exhaust, impoverish; remove; end;"
"#exilio, exilire, exilivi, -  V (4th) INTRANS                                                        [XXXDO] :: spring/leap/burst forth/out, leap up, start up, bound; emerge into existence;"
"#exilio, exilire, exilui, -  V (4th) INTRANS                                                         [XXXBO] :: spring/leap/burst forth/out, leap up, start up, bound; emerge into existence;"
"#exinanio, exinanire, exinanivi, exinanitus  V (4th) TRANS                                           [XXXCO] :: empty, remove contents of; strip; despoil; drain, dry, pour out; weaken/exhaust;"
"#expedio, expedire, expedivi, expeditus  V (4th)                                                     [XXXBX] :: disengage, loose, set free; be expedient; procure, obtain, make ready;"
"#expolio, expolire, expolivi, expolitus  V (4th)                                                     [XXXDX] :: polish; refine;"
"#exsilio, exsilire, exsilivi, -  V (4th) INTRANS                                                     [XXXDO] :: spring/leap/burst forth/out, leap up, start up, bound; emerge into existence;"
"#exsilio, exsilire, exsilui, -  V (4th) INTRANS                                                      [XXXBO] :: spring/leap/burst forth/out, leap up, start up, bound; emerge into existence;"
"#farcio, farcire, farsi, fartus  V (4th)                                                             [XXXDX] :: stuff, fill up/completely; gorge oneself; insert as stuffing, cram (into);"
"#fastidio, fastidire, fastidivi, fastiditus  V (4th)                                                 [XXXDX] :: disdain; be scornful; feel aversion to, be squeamish;"
"#felio, felire, felivi, felitus  V (4th) INTRANS                                                     [XAXFO] :: roar/cry (expressing the cry of a leopard);"
"#ferio, ferire, -, -  V (4th)                                                                        [XXXBX] :: hit, strike; strike a bargain; kill, slay;"
"#ferocio, ferocire, -, -  V (4th) INTRANS                                                            [XXXDO] :: rampage, act in a fierce/violent/savage manner;"
"#finio, finire, finivi, finitus  V (4th)                                                             [XXXBX] :: limit, end; finish; determine, define; mark out the boundaries;"
"#friguttio, friguttire, -, -  V (4th) INTRANS                                                        [XXXEO] :: utter broken sounds; stutter, stammer;"
"#fringulio, fringulire, -, -  V (4th) INTRANS                                                        [XXXEO] :: utter broken sounds; twitter/chirp (birds); stutter, stammer;"
"#fringultio, fringultire, -, -  V (4th) INTRANS                                                      [XXXEO] :: utter broken sounds; twitter/chirp (birds); stutter, stammer;"
"#fulcio, fulcire, fulsi, fultus  V (4th)                                                             [XXXBX] :: prop up, support;"
"#gannio, gannire, -, -  V (4th) INTRANS                                                              [XXXDS] :: whimper, snarl (of dogs); snarl (people), speak in ill natured/hostile manner;"
"#garrio, garrire, garrivi, garritus  V (4th)                                                         [XXXDX] :: chatter/prattle/jabber; talk rapidly; talk/write nonsense; (birds/instruments);"
"#gestio, gestire, gestivi, gestitus  V (4th)                                                         [XXXDX] :: be eager, wish passionately; gesticulate, express strong feeling, exult;"
"#glutio, glutire, -, -  V (4th) TRANS                                                                [XXXEC] :: swallow, gulp down;"
"#gluttio, gluttire, -, -  V (4th) TRANS                                                              [XXXEC] :: swallow, gulp down;"
"#grandio, grandire, -, -  V (4th) TRANS                                                              [XXXEC] :: increase;"
"#groccio, groccire, -, -  V (4th) INTRANS                                                            [XAXEO] :: croak/caw (like a raven);"
"#grundio, grundire, -, -  V (4th) INTRANS                                                            [XXXEC] :: grunt like a pig;"
"#grunnio, grunnire, -, -  V (4th) INTRANS                                                            [XXXEC] :: grunt like a pig;"
"#haurio, haurire, hausi, haustus  V (4th)                                                            [XXXBX] :: draw up/out; drink, swallow, drain, exhaust;"
"#hinnio, hinnire, hinnivi, hinnitus  V (4th)                                                         [XXXDX] :: neigh;"
"#hostio, hostire, -, -  V (4th)                                                                      [XXXEC] :: requite, recompense;"
"#ignio, ignire, ignivi, ignitus  V (4th)                                                             [EXXFS] :: ignite; make red-hot;"
"#illinio, illinire, illinevi, illinitus  V (4th) TRANS                                               [XXXCS] :: smear on; spread on; besmear;"
"#immugio, immugire, immugivi, immugitus  V (4th)                                                     [XXXDX] :: bellow; resound inwardly; roar in/on;"
"#immunio, immunire, immunivi, immunitus  V (4th) TRANS                                               [XWXFO] :: strengthen (garrison);"
"#impartio, impartire, impartivi, impartitus  V (4th) TRANS                                           [XXXDS] :: bestow, impart, give a share (of); communicate (w/DAT); (=impertio);"
"#impedio, impedire, impedivi, impeditus  V (4th)                                                     [XXXBX] :: hinder, impede, hamper, obstruct, prevent from (w/ne, quin, or quominus);"
"#impertio, impertire, impertivi, impertitus  V (4th)                                                 [XXXDX] :: bestow, impart, give a share (of); communicate (w/DAT);"
"#impetrio, impetrire, impetrivi, impetritus  V (4th) INTRANS                                         [XEXDS] :: seek by auspices;"
"#inanio, inanire, inanivi, inanitus  V (4th)                                                         [XXXDX] :: empty;"
"#inaudio, inaudire, inaudivi, inauditus  V (4th)                                                     [XXXES] :: hear of; learn;"
"#indaudio, indaudire, indaudivi, indauditus  V (4th)                                                 [BXXES] :: hear of; learn; (archaic form of inaudio);"
"#indormio, indormire, indormivi, indormitus  V (4th)                                                 [XXXDX] :: sleep (in or over);"
"#ineptio, ineptire, -, -  V (4th)                                                                    [XXXDX] :: play the fool, trifle;"
"#infercio, infercire, infersi, infertus  V (4th) TRANS                                               [XXXES] :: stuff; stuff with;"
"#infulcio, infulcire, infulsi, infultus  V (4th) TRANS                                               [XXXDS] :: cram; cram in;"
"#innutrio, innutrire, innutrivi, innutritus  V (4th) TRANS                                           [XXXES] :: nourish;"
"#inobaudio, inobaudire, inobaudivi, inobauditus  V (4th) INTRANS                                     [XXXFO] :: disobey; not listen/pay attention; (in+obaudio);"
"#inobedio, inobedire, inboedivi, inboeditus  V (4th) INTRANS                                         [EXXEP] :: disobey; not listen/pay attention;"
"#inoboedio, inoboedire, inoboedivi, inoboeditus  V (4th) INTRANS                                     [EXXEP] :: disobey; not listen/pay attention;"
"#inpedio, inpedire, inpedivi, inpeditus  V (4th)                                                     [FXXDX] :: hinder, impede, hamper, obstruct, prevent from (w/ne, quin, or quominus);"
"#insanio, insanire, insanivi, insanitus  V (4th)                                                     [XXXDX] :: be mad, act crazily;"
"#inservio, inservire, inservivi, inservitus  V (4th) DAT                                             [XXXCS] :: be serviceable (L+S); be attached/submissive to; treat with deference;"
"#inservio, inservire, inservivi, inservitus  V (4th) DAT                                             [XXXCO] :: serve the interests of; take care of, look after, pay attention/be devoted to;"
"#insignio, insignire, insignivi, insignitus  V (4th)                                                 [XXXDX] :: mark with a characteristic feature; distinguish;"
"#insignio, insignire, insignivi, insignitus  V (4th) TRANS                                           [XXXES] :: mark; distinguish;"
"#insilio, insilire, insilivi, -  V (4th)                                                             [XXXCS] :: come/leap upon/in; leap/spring up/at; attack/throw oneself upon; bound; mount;"
"#insilio, insilire, insilui, -  V (4th)                                                              [XXXCO] :: come/leap upon/in; leap/spring up/at; attack/throw oneself upon; bound; mount;"
"#insulio, insulire, insului, -  V (4th)                                                              [XXXCO] :: come/leap upon/in; leap/spring up/at; attack/throw oneself upon; bound; mount;"
"#intersaepio, intersaepire, intersaepsi, intersaeptus  V (4th)                                       [XXXDX] :: separate; block;"
"#intervenio, intervenire, interveni, interventus  V (4th)                                            [XXXDX] :: come between, intervene; occur, crop up;"
"#invenio, invenire, inveni, inventus  V (4th)                                                        [XXXAX] :: come upon; discover, find; invent, contrive; reach, manage to get;"
"#investio, investire, investivi, investitus  V (4th) TRANS                                           [XXXES] :: clothe; cover;"
"#irretio, irretire, irretivi, irretitus  V (4th)                                                     [XXXDX] :: entangle; catch in a net;"
"#irrugio, irrugire, irrugivi, irrugitus  V (4th) INTRANS                                             [EXXFS] :: cry loudly;"
"#largio, largire, largivi, largitus  V (4th)                                                         [XXXFS] :: give bountifully; lavish;"
"#lascivio, lascivire, lascivi, lascivitus  V (4th)                                                   [XXXDX] :: frisk; sport; run riot;"
"#lenio, lenire, lenivi, lenitus  V (4th) TRANS                                                       [XXXBO] :: mitigate, moderate; alleviate, allay, assuage, ease, calm, placate, appease;"
"#lenio, lenire, lenivi, lenitus  V (4th) TRANS                                                       [XXXBO] :: |mollify; explain away, gloss over; beguile, pass pleasantly; abate;"
"#ligurio, ligurire, ligurivi, liguritus  V (4th)                                                     [XXXDX] :: lick, lick up;"
"#ligurrio, ligurrire, ligurrivi, ligurritus  V (4th)                                                 [XXXDX] :: lick, lick up;"
"#linio, linire, linivi, linitus  V (4th) TRANS                                                       [XXXEO] :: smear, plaster (with); seal (wine jar); erase/rub over; befoul; cover/overlay;"
"#lippio, lippire, -, -  V (4th) INTRANS                                                              [XBXEC] :: have sore eyes, be bleary-eyed;"
"#lupio, lupire, lupivi, lupitus  V (4th) INTRANS                                                     [XAXFO] :: cry, utter the natural cry of the kite;"
"#minurrio, minurrire, -, -  V (4th) INTRANS                                                          [XAXFO] :: chirp, twitter; (of birds);"
"#mollio, mollire, mollivi, mollitus  V (4th)                                                         [XXXDX] :: soften, mitigate, make easier; civilize, tame, enfeeble;"
"#mugio, mugire, mugivi, mugitus  V (4th)                                                             [XXXDX] :: low, bellow; make a loud deep noise;"
"#munio, munire, munivi, munitus  V (4th)                                                             [XXXBX] :: fortify; strengthen; protect, defend, safeguard; build (road);"
"#muttio, muttire, muttivi, muttitus  V (4th) INTRANS                                                 [XXXCO] :: mutter, murmur;"
"#nescio, nescire, nescivi, nescitus  V (4th)                                                         [XXXAO] :: not know (how); be ignorant/unfamiliar/unaware/unacquainted/unable/unwilling;"
"#nutrio, nutrire, nutrivi, nutritus  V (4th) TRANS                                                   [XXXAO] :: suckle. breast feed; nourish/feed/fuel, supply, build up; preserve, look after;"
"#nutrio, nutrire, nutrivi, nutritus  V (4th) TRANS                                                   [XXXAO] :: |rear/raise; foster/encourage; tend/treat (wound/sick person); deal gently with;"
"#obaudio, obaudire, obaudivi, obauditus  V (4th) INTRANS                                             [XXXFO] :: obey, listen to;"
"#obdormio, obdormire, obdormivi, obdormitus  V (4th)                                                 [XXXCO] :: fall asleep;"
"#obedio, obedire, obedivi, obeditus  V (4th)                                                         [XXXDX] :: obey; listen/harken/submit (to); be subject/obedient/responsible/a slave (to);"
"#oboedio, oboedire, oboedivi, oboeditus  V (4th)                                                     [XXXBX] :: obey; listen/harken/submit (to); be subject/obedient/responsible/a slave (to);"
"#obretio, obretire, -, -  V (4th) TRANS                                                              [XXXEC] :: catch in a net;"
"#obsaepio, obsaepire, obsaepsi, obsaeptus  V (4th)                                                   [XXXDX] :: enclose, seal up; block, obstruct;"
"#obvenio, obvenire, obveni, obventus  V (4th)                                                        [XXXDX] :: meet;"
"#odio, odire, odivi, -  V (4th) TRANS                                                                [FXXCF] :: hate; dislike; be disinclined/reluctant/adverse to; (usu. PREFDEF);"
"#ogganio, ogganire, -, -  V (4th)                                                                    [XXXEC] :: growl at;"
"#oggannio, oggannire, -, -  V (4th)                                                                  [FXXFS] :: yelp; snarl, growl;"
"#operio, operire, operui, opertus  V (4th) TRANS                                                     [XXXAO] :: cover (over); bury; overspread; shut/close; conceal; clothe, cover/hide the head"
"#pario, parire, peperi, paritus  V (4th)                                                             [BXXEO] :: bear; give birth to; beget, bring forth; produce, lay (eggs); create; acquire;"
"#partio, partire, partivi, partitus  V (4th) TRANS                                                   [XXXDX] :: share, divide up, distribute;"
"#parturio, parturire, parturivi, -  V (4th)                                                          [XXXDX] :: be in labor; bring forth; produce; be pregnant with/ready to give birth;"
"#pavio, pavire, pavivi, pavitus  V (4th)                                                             [DXXES] :: beat, strike; push down;"
"#percio, percire, percivi, percitus  V (4th)                                                         [XXXDX] :: excite, stir up, move (emotions); set in motion, propel;"
"#perfinio, perfinire, perfinivi, perfinitus  V (4th)                                                 [FXXFM] :: complete;"
"#perfodio, perfodire, perfodivi, perfoditus  V (4th) TRANS                                           [XXXES] :: bore/dig/make hole/passage/channel/break in/through; dig/pierce/stab/perforate;"
"#permunio, permunire, permunivi, permunitus  V (4th)                                                 [XXXDX] :: fortify thoroughly, make very secure; finish constructing fortifications;"
"#perpolio, perpolire, perpolivi, perpolitus  V (4th)                                                 [XXXDX] :: polish thoroughly; put the finishing touches to;"
"#pervenio, pervenire, perveni, perventus  V (4th)                                                    [XXXAX] :: come to; reach; arrive;"
"#petiturio, petiturire, -, -  V (4th) INTRANS                                                        [XLXEC] :: desire to stand for election;"
"#poenio, poenire, poenivi, poenitus  V (4th) TRANS                                                   [XXXBO] :: punish (person/offense), inflict punishment; avenge, extract retribution;"
"#polio, polire, polivi, politus  V (4th)                                                             [XXXDX] :: smooth, polish; refine, give finish to;"
"#praefinio, praefinire, praefinivi, praefinitus  V (4th)                                             [XXXDX] :: fix the range of; determine;"
"#praefulcio, praefulcire, praefulsi, praefultus  V (4th) TRANS                                       [XXXDS] :: prop up; support; use as prop;"
"#praegestio, praegestire, -, -  V (4th) INTRANS                                                      [XXXES] :: be very eager;"
"#praemunio, praemunire, praemunivi, praemunitus  V (4th)                                             [XXXDX] :: fortify, defend in advance; safeguard;"
"#praepedio, praepedire, praepedivi, praepeditus  V (4th) TRANS                                       [XXXCO] :: shackle, fetter, tie by an extremity; hinder/obstruct/impede; entangle the feet;"
"#praesaepio, praesaepire, praesaepsi, praesaeptus  V (4th)                                           [XXXDX] :: block up/fence in front;"
"#praesagio, praesagire, praesagivi, -  V (4th)                                                       [XXXDX] :: have presentiment (of); portend;"
"#praescio, praescire, praescivi, praescitus  V (4th) TRANS                                           [DXXDS] :: foreknow; know in advance;"
"#praesentio, praesentire, praesensi, praesensus  V (4th)                                             [XXXBX] :: feel or perceive beforehand; have a presentiment of;"
"#praesepio, praesepire, praesepsi, praeseptus  V (4th)                                               [XXXDX] :: block up/fence in front;"
"#praeservio, praeservire, praeservivi, praeservitus  V (4th) INTRANS                                 [XXXDS] :: serve as slave;"
"#praevenio, praevenire, praeveni, praeventus  V (4th)                                                [XXXBO] :: arrive/occur/come first/before/too soon; precede; surpass; anticipate/forestall;"
"#presignio, presignire, presignivi, presignitus  V (4th)                                             [FXXFM] :: ennoble; make famous;"
"#prodio, prodire, prodivi, proditus  V (4th) INTRANS                                                 [EXXEE] :: go/come forth/out, advance; appear; sprout/spring up; issue/extend/project;"
"#proscripturio, proscripturire, -, -  V (4th) INTRANS                                                [XLXEC] :: desire a proscription;"
"#prosentio, prosentire, prosensi, prosensus  V (4th) TRANS                                           [BXXFS] :: see beforehand;"
"#prosilio, prosilire, prosilivi, -  V (4th) INTRANS                                                  [XXXBO] :: jump/leap up/forward; rush/leap/spring forth/to; gush/break/jut out;"
"#prosilio, prosilire, prosilui, -  V (4th) INTRANS                                                   [XXXBO] :: jump/leap up/forward; rush/leap/spring forth/to; gush/break/jut out;"
"#provenio, provenire, proveni, proventus  V (4th)                                                    [XXXDX] :: come forth; come into being; prosper;"
"#prurio, prurire, -, -  V (4th)                                                                      [XXXDX] :: itch, tingle (in anticipation); be sexually excited, have sexual craving;"
"#punio, punire, punivi, punitus  V (4th) TRANS                                                       [XXXBO] :: punish (person/offense), inflict punishment; avenge, extract retribution;"
"#redimio, redimire, redimivi, redimitus  V (4th) TRANS                                               [XXXBO] :: encircle with a garland, wreathe around; surround, encircle;"
"#redormio, redormire, redormivi, redormitus  V (4th) INTRANS                                         [XXXEO] :: go back to sleep, fall asleep again;"
"#refercio, refercire, refersi, refertus  V (4th)                                                     [XXXDX] :: fill up, stuff/cram full; pack close, condense, mass together;"
"#referio, referire, -, -  V (4th) TRANS                                                              [XXXES] :: strike back; P:reflect;"
"#remollio, remollire, remollivi, remollitus  V (4th) TRANS                                           [XXXDS] :: resoften; make soft again; weaken;"
"#remugio, remugire, -, -  V (4th)                                                                    [XXXDX] :: bellow back, moo in reply; resound;"
"#reperio, reperire, repperi, repertus  V (4th) TRANS                                                 [XXXAO] :: discover, learn; light on; find/obtain/get; find out/to be, get to know; invent;"
"#repperio, repperire, repperi, reppertus  V (4th) TRANS                                              [XXXAO] :: discover, learn; light on; find/obtain/get; find out/to be, get to know; invent;"
"#resaevio, resaevire, -, -  V (4th) INTRANS                                                          [XPXFS] :: rage again;"
"#resarcio, resarcire, resarsi, resarsus  V (4th) TRANS                                               [XXXCO] :: restore, make good (loss); mend, repair (something damaged);"
"#resarcio, resarcire, resarsi, resartus  V (4th) TRANS                                               [XXXCO] :: restore, make good (loss); mend, repair (something damaged);"
"#resilio, resilire, resilui, -  V (4th)                                                              [XXXDX] :: leap or spring back; recoil; rebound; shrink (back again);"
"#revenio, revenire, reveni, reventus  V (4th)                                                        [XXXDX] :: come back, return;"
"#revincio, revincire, revinxi, revinctus  V (4th)                                                    [XXXDX] :: bind fast, fasten;"
"#rugio, rugire, rugivi, rugitus  V (4th) INTRANS                                                     [XXXFO] :: bellow, roar;"
"#saepio, saepire, saepsi, saeptus  V (4th) TRANS                                                     [XXXAO] :: surround/envelop/enfold/encircle; clothe/cover/protect; close/seal off; shut in;"
"#saepio, saepire, saepsi, saeptus  V (4th) TRANS                                                     [XXXAO] :: |hedge/fence in, surround (w/hedge/wall/fence/barrier/troops); enclose; confine;"
"#saevio, saevire, saevivi, saevitus  V (4th) INTRANS                                                 [XXXBO] :: rage; rave, bluster; be/act angry/violent/ferocious; vent rage on (DAT);"
"#salio, salire, salivi, salitus  V (4th) TRANS                                                       [XXXDO] :: salt, salt down, preserve with salt; sprinkle before sacrifice;"
"#salio, salire, salivi, saltus  V (4th)                                                              [XXXBS] :: leap, jump; move suddenly/spasmodically (part of body under stress), twitch;"
"#salio, salire, salivi, saltus  V (4th)                                                              [XXXBS] :: |spurt, discharge, be ejected under force (water/fluid); mount/cover (by stud);"
"#salio, salire, salui, saltus  V (4th)                                                               [XXXBO] :: leap, jump; move suddenly/spasmodically (part of body under stress), twitch;"
"#salio, salire, salui, saltus  V (4th)                                                               [XXXBO] :: |spurt, discharge, be ejected under force (water/fluid); mount/cover (by stud);"
"#sallio, sallire, sallivi, sallitus  V (4th) TRANS                                                   [XXXDO] :: salt, salt down, preserve with salt; sprinkle before sacrifice;"
"#sancio, sancire, sanxi, sanctus  V (4th) TRANS                                                      [XXXAO] :: confirm, ratify; sanction; fulfill (prophesy); enact (law); ordain; dedicate;"
"#sarcio, sarcire, sarsi, sartus  V (4th)                                                             [XXXDX] :: make good; redeem; restore;"
"#sario, sarire, sarivi, saritus  V (4th)                                                             [XAXCS] :: hoe; weed (crops); dig over (land);"
"#sarrio, sarrire, sarrivi, sarritus  V (4th)                                                         [XAXCS] :: hoe; weed (crops); dig over (land); rake (L+S);"
"#sarrio, sarrire, sarrui, sarritus  V (4th)                                                          [XAXCO] :: hoe; weed (crops); dig over (land);"
"#scaturrio, scaturrire, -, -  V (4th) INTRANS                                                        [XXXEC] :: gush, bubble over;"
"#scio, scire, scivi, scitus  V (4th) TRANS                                                           [XXXAX] :: know, understand;"
"#sentio, sentire, sensi, sensus  V (4th)                                                             [XXXAX] :: perceive, feel, experience; think, realize, see, understand;"
"#sepelio, sepelire, sepelivi, sepultus  V (4th) TRANS                                                [XXXBO] :: bury/inter; (Romans cremate + inter ashes); submerge, overcome; suppress; ruin;"
"#sepio, sepire, sepivi, sepitus  V (4th) TRANS                                                       [XXXEW] :: surround/envelop/enfold/encircle; clothe/cover/protect; close/seal off; shut in;"
"#sepio, sepire, sepivi, sepitus  V (4th) TRANS                                                       [XXXEW] :: |hedge/fence in, surround (w/hedge/wall/fence/barrier/troops); enclose; confine;"
"#sepio, sepire, sepsi, septus  V (4th) TRANS                                                         [XXXAO] :: surround/envelop/enfold/encircle; clothe/cover/protect; close/seal off; shut in;"
"#sepio, sepire, sepsi, septus  V (4th) TRANS                                                         [XXXAO] :: |hedge/fence in, surround (w/hedge/wall/fence/barrier/troops); enclose; confine;"
"#servio, servire, servivi, servitus  V (4th)                                                         [XXXAX] :: serve; be a slave to; with DAT;"
"#singultio, singultire, -, singultus  V (4th)                                                        [XXXFS] :: hiccup; sob; cluck; (see also singulto);"
"#sitio, sitire, sitivi, -  V (4th)                                                                   [XXXBX] :: be thirsty;"
"#sopio, sopire, sopivi, sopitus  V (4th)                                                             [XXXBX] :: cause to sleep, render insensible by a blow or sudden shock;"
"#stabilio, stabilire, stabilivi, stabilitus  V (4th)                                                 [XXXDX] :: make firm, establish;"
"#subaudio, subaudire, subaudivi, subauditus  V (4th) INTRANS                                         [DLXES] :: understand, supply a word; hear a little;"
"#subblandio, subblandire, subblandivi, subblanditus  V (4th) DAT                                     [BXXDS] :: flirt; caress a little;"
"#subsentio, subsentire, subsensi, -  V (4th) TRANS                                                   [XXXDS] :: smell/sniff out; perceive secretly;"
"#subsilio, subsilire, subsilui, -  V (4th) INTRANS                                                   [XXXCO] :: jump/leap/spring up; plunge beneath;"
"#subvenio, subvenire, subveni, subventus  V (4th)                                                    [XXXBX] :: come to help, assist; rescue;"
"#suffio, suffire, suffivi, suffitus  V (4th)                                                         [XXXDX] :: fumigate; perfume, scent;"
"#suffulcio, suffulcire, suffulsi, suffultus  V (4th)                                                 [XXXDX] :: underprop, keep from falling;"
"#sullaturio, sullaturire, -, -  V (4th) INTRANS                                                      [XXXDS] :: be like Sulla; imitate Sulla;"
"#summonio, summonire, summonivi, summonitus  V (4th)                                                 [FLXFJ] :: summon;"
"#superbio, superbire, -, -  V (4th)                                                                  [XXXDX] :: show pride or disdain on account (of); be proud/haughty; be splendid;"
"#superbio, superbire, superbivi, superbitus  V (4th) INTRANS                                         [XXXCO] :: show/have (too much) pride/disdain (to); be proud/gorgeous/superb/magnificent;"
"#supervenio, supervenire, superveni, superventus  V (4th)                                            [XXXAX] :: come up, arrive;"
"#tinnio, tinnire, tinnivi, tinnitus  V (4th) INTRANS                                                 [XXXCO] :: ring/clang/jangle (metal); ring (ears); utter a shrill/metallic sound;"
"#transilio, transilire, transilui, -  V (4th)                                                        [XXXDX] :: jump across, leap over;"
"#transvenio, transvenire, transveni, transventus  V (4th) INTRANS                                    [EXXDS] :: come; come from another place or person;"
"#tussio, tussire, -, -  V (4th) INTRANS                                                              [XBXCO] :: cough; suffer from a cough; have coughing fit;"
"#unio, unire, univi, unitus  V (4th) TRANS                                                           [XXXEO] :: unite, combine into one;"
"#vagio, vagire, vagivi, -  V (4th)                                                                   [XXXDX] :: utter cries of distress, wail, squall;"
"#venio, venire, veni, ventus  V (4th)                                                                [XXXAX] :: come;"
"#vestio, vestire, vestivi, vestitus  V (4th)                                                         [XXXBX] :: clothe;"
"#vincio, vincire, vinxi, vinctus  V (4th)                                                            [XXXBX] :: bind, fetter; restrain;"
