"#abominor, abominari, abominatus sum  V (1st) DEP                                                    [XXXCO] :: avert; (seek to) avert (omen/eventuality) (by prayer); loathe, detest, abhor;"
"#acedior, acediari, acediatus sum  V (1st) DEP                                                       [DXXFS] :: be morose/peevish; be weary (Souter);"
"#adaquor, adaquari, adaquatus sum  V (1st) DEP                                                       [XXXFS] :: bring/procure water (for one's self); fetch water;"
"#adfector, adfectari, adfectatus sum  V (1st) DEP                                                    [XXXCO] :: aim at, desire, aspire, try, lay claim to; try to control; feign, pretend;"
"#adfor, adfari, adfatus sum  V (1st) DEP                                                             [XXXCO] :: speak to, address; be spoked to/addressed (PASS), be decreed by fate;"
"#adgeniculor, adgeniculari, adgeniculatus sum  V (1st) DEP                                           [DXXES] :: kneel before, bend the knee before;"
"#adgratulor, adgratulari, adgratulatus sum  V (1st) DEP                                              [FXXFZ] :: give thanks (to)(JFW);"
"#adhortor, adhortari, adhortatus sum  V (1st) DEP                                                    [XXXBO] :: encourage, urge on; rally; exhort;"
"#adjutor, adjutari, adjutatus sum  V (1st) DEP                                                       [XXXDO] :: help (w/burden/activity); help realize a program/purpose;"
"#adluctor, adluctari, adluctatus sum  V (1st) DEP                                                    [XXXEO] :: wrestle; wrestle with (w/DAT);"
"#adminiculor, adminiculari, adminiculatus sum  V (1st) DEP                                           [XAXFS] :: prop (up), support (with props) (vines);"
"#admiror, admirari, admiratus sum  V (1st) DEP                                                       [XXXBO] :: admire, respect; regard with wonder, wonder at; be surprised at, be astonished;"
"#admoderor, admoderari, -  V (1st) DEP                                                               [XXXFO] :: control (w/DAT); keep within limits; moderate;"
"#admodulor, admodulari, admodulatus sum  V (1st) DEP                                                 [DXXFS] :: harmonize/accord with;"
"#admurmuror, admurmurari, admurmuratus sum  V (1st) DEP                                              [XXXFS] :: murmur in protest or approval; murmur at;"
"#adolescentior, adolescentiari, adolescentiatus sum  V (1st) DEP                                     [XXXFO] :: behave in a youthful manner;"
"#adolor, adolari, adolatus sum  V (1st) DEP                                                          [XXXBO] :: fawn upon (as dog); flatter (in servile manner), court; make obeisance (to);"
"#adopinor, adopinari, adopinatus sum  V (1st) DEP                                                    [XXXFO] :: conjecture/surmise/opine/think/suppose (further);"
"#adosculor, adosculari, adosculatus sum  V (1st) DEP                                                 [XXXFS] :: give a kiss to;"
"#adprecor, adprecari, adprecatus sum  V (1st) DEP                                                    [XEXEO] :: address prayer to, pray to , invoke, beseech;"
"#adsector, adsectari, adsectatus sum  V (1st) DEP                                                    [XXXCO] :: accompany, attend, escort; support, be an adherent, follow; court (fame);"
"#adsellor, adsellari, adsellatus sum  V (1st) DEP                                                    [DBXFS] :: defecate, void;"
"#adsentor, adsentari, adsentatus sum  V (1st) DEP                                                    [XXXCO] :: flatter, humor; agree, assent, confirm; agree to everything;"
"#adstipulor, adstipulari, adstipulatus sum  V (1st) DEP                                              [XLXDO] :: join in stipulation/covenant; join in demanding; support (in an argument);"
"#adtestor, adtestari, adtestatus sum  V (1st) DEP                                                    [XXXEO] :: confirm, attest, bear witness to;"
"#adulescentior, adulescentiari, adulescentiatus sum  V (1st) DEP                                     [XXXFO] :: behave in a youthful manner;"
"#adulor, adulari, adulatus sum  V (1st) DEP                                                          [XXXCO] :: fawn upon (as a dog); flatter (in a servile manner), court; make obeisance (to);"
"#adveneror, advenerari, adveneratus sum  V (1st) DEP                                                 [XXXEO] :: worship, adore; give honor to;"
"#adversor, adversari, adversatus sum  V (1st) DEP                                                    [XXXBO] :: be against (w/DAT), oppose, withstand;"
"#advorsor, advorsari, advorsatus sum  V (1st) DEP                                                    [BXXBX] :: be against (w/DAT), oppose, withstand;"
"#adzelor, adzelari, adzelatus sum  V (1st) DEP                                                       [DEXFS] :: be zealous against one; be angry with;"
"#aeditimor, aeditimari, aeditimatus sum  V (1st) DEP                                                 [BEXFO] :: act as sacristan, be in charge/take care of temple;"
"#aeditumor, aeditumari, aeditumatus sum  V (1st) DEP                                                 [XEXFO] :: act as sacristan, be in charge/take care of temple;"
"#aemulor, aemulari, aemulatus sum  V (1st) DEP                                                       [XXXBO] :: ape, imitate, emulate; be envious, jealous of, vie with a rival; copy (book);"
"#affector, affectari, affectatus sum  V (1st) DEP                                                    [XXXCO] :: aim at, desire, aspire, try, lay claim to; try to control; feign, pretend;"
"#affor, affari, affatus sum  V (1st) DEP                                                             [XXXCO] :: speak to, address; be spoked to/addressed (PASS), be decreed by fate;"
"#aggeniculor, aggeniculari, aggeniculatus sum  V (1st) DEP                                           [DXXES] :: kneel before, bend the knee before;"
"#aggratulor, aggratulari, aggratulatus sum  V (1st) DEP                                              [FXXFZ] :: give thanks (to); (JFW);"
"#agricolor, agricolari, agricolatus sum  V (1st) DEP                                                 [DAXFS] :: farm, cultivate land, pursue agriculture;"
"#albicor, albicari, albicatus sum  V (1st) DEP                                                       [XXXDO] :: be white; have a whitish tinge, verge on white;"
"#alienor, alienari, alienatus sum  V (1st) DEP                                                       [XXXCO] :: avoid (with antipathy); cause to feel disgust; be insane/mad; be different;"
"#alluctor, alluctari, alluctatus sum  V (1st) DEP                                                    [XXXEO] :: wrestle; wrestle with (w/DAT);"
"#altercor, altercari, altercatus sum  V (1st) DEP                                                    [XLXCO] :: argue/bicker/dispute/wrangle/quarrel; dispute in court; exchange conversation;"
"#alucinor, alucinari, alucinatus sum  V (1st) DEP                                                    [XXXCO] :: wander in mind, talk idly/unreasonably, ramble, dream; wander;"
"#alumnor, alumnari, alumnatus sum  V (1st) DEP                                                       [XXXDO] :: nurture, nourish; rear (children), educate; train (animals);"
"#amaricor, amaricari, amaricatus sum  V (1st) DEP                                                    [FXXEE] :: grow bitter;"
"#amminiculor, amminiculari, amminiculatus sum  V (1st) DEP                                           [XAXFS] :: prop (up), support (with props) (vines);"
"#ammiror, ammirari, ammiratus sum  V (1st) DEP                                                       [XXXBO] :: admire, respect; regard with wonder, wonder at; be surprised at, be astonished;"
"#ammoderor, ammoderari, -  V (1st) DEP                                                               [XXXFO] :: control (w/DAT); keep within limits; moderate;"
"#ammodulor, ammodulari, ammodulatus sum  V (1st) DEP                                                 [DXXFS] :: harmonize/accord with;"
"#ammurmuror, ammurmurari, ammurmuratus sum  V (1st) DEP                                              [XXXFS] :: murmur in protest or approval; murmur at;"
"#amplexor, amplexari, amplexatus sum  V (1st) DEP                                                    [XXXBO] :: take and hold in arms, embrace, clasp; welcome, accept gladly; cling/attach to;"
"#ampullor, ampullari, ampullatus sum  V (1st) DEP                                                    [XGXFO] :: use bombast, make use of a bombastic form of discourse;"
"#ancillor, ancillari, ancillatus sum  V (1st) DEP                                                    [XXXDO] :: act as handmaid, wait on, serve hand and foot; be subservient/at beck and call;"
"#angustior, angustiari, angustiatus sum  V (1st) DEP                                                 [FXXEB] :: be disturbed, be distressed; be crowded/pushed around;"
"#anilitor, anilitari, anilitatus sum  V (1st) DEP                                                    [DXXFS] :: become an old woman;"
"#annonor, annonari, annonatus sum  V (1st) DEP                                                       [DXXFS] :: collect provisions;"
"#antestor, antestari, antestatus sum  V (1st) DEP                                                    [XXXCO] :: call as a witness (before the opening of the cause);"
"#anxior, anxiari, anxiatus sum  V (1st) DEP                                                          [FXXEE] :: be in anguish; be troubled; worry;"
"#apernor, apernari, apernatus sum  V (1st) DEP                                                       [FXXEE] :: scorn;"
"#aporior, aporiari, aporiatus sum  V (1st) DEP                                                       [DXXCS] :: be uncertain/in doubt, vacillate, waver, doubt, be perplexed/distressed/in need;"
"#apprecor, apprecari, apprecatus sum  V (1st) DEP                                                    [XEXEO] :: address prayer to, pray to , invoke, beseech;"
"#apricor, apricari, apricatus sum  V (1st) DEP                                                       [XXXDO] :: bask in the sun, sun oneself;"
"#aquor, aquari, aquatus sum  V (1st) DEP                                                             [XXXCO] :: get/fetch/bring water; be watered;"
"#arbitror, arbitrari, arbitratus sum  V (1st) DEP                                                    [XLXBO] :: observe, witness; testify; decide, judge, sentence; believe, think, imagine;"
"#architector, architectari, architectatus sum  V (1st) DEP                                           [XTXDO] :: design/construct (building); design, plan;"
"#argumentor, argumentari, argumentatus sum  V (1st) DEP                                              [XXXBO] :: support/prove by argument, reason, discuss; draw a conclusion; proven (PASS);"
"#argutor, argutari, argutatus sum  V (1st) DEP                                                       [XXXDO] :: chatter; prattle, babble; stamp (with feet) (L+S);"
"#aricolor, aricolari, aricolatus sum  V (1st) DEP                                                    [XEXCO] :: speak by divine inspiration/with second sight, prophesy, divine; (facetious?);"
"#aspernor, aspernari, aspernatus sum  V (1st) DEP                                                    [XXXAO] :: despise, scorn, disdain; spurn, push away, repel, reject; refuse, decline;"
"#assector, assectari, assectatus sum  V (1st) DEP                                                    [XXXCO] :: accompany, attend, escort; support, be an adherent, follow; court (fame);"
"#assellor, assellari, assellatus sum  V (1st) DEP                                                    [DBXFS] :: defecate, void;"
"#assentor, assentari, assentatus sum  V (1st) DEP                                                    [XXXCO] :: flatter, humor; agree, assent, confirm; agree to everything;"
"#assimilor, assimilari, assimilatus sum  V (1st) DEP                                                 [FXXDE] :: become like; be compared to;"
"#astipulor, astipulari, astipulatus sum  V (1st) DEP                                                 [XLXDO] :: join in stipulation/covenant; join in demanding; support (in an argument);"
"#attestor, attestari, attestatus sum  V (1st) DEP                                                    [XXXEO] :: confirm, attest, bear witness to;"
"#auctionor, auctionari, auctionatus sum  V (1st) DEP                                                 [XXXEO] :: put up goods to auction/public sale; hold an auction;"
"#auctoror, auctorari, auctoratus sum  V (1st) DEP                                                    [XXXDO] :: hire out, sell; give authorization (guardian on behalf of ward); authorize;"
"#aucupor, aucupari, aucupatus sum  V (1st) DEP                                                       [XAXBO] :: go fowling; lie in wait/lay a trap for, keep a watch on; seek to deal with;"
"#auguror, augurari, auguratus sum  V (1st) DEP                                                       [XXXCO] :: conjecture, surmise, judge;"
"#aurigor, aurigari, aurigatus sum  V (1st) DEP                                                       [XXXDO] :: drive/race a chariot;"
"#ausculor, ausculari, auculatus sum  V (1st) DEP                                                     [BXXDX] :: kiss; exchange kisses;"
"#auspicor, auspicari, auspicatus sum  V (1st) DEP                                                    [XXXCO] :: take auspices; seek omens; begin with auspices, make ceremonial start; portend;"
"#authoror, authorari, authoratus sum  V (1st) DEP                                                    [DXXFS] :: hire out, sell; give authorization (guardian on behalf of ward); authorize;"
"#auxilior, auxiliari, auxiliatus sum  V (1st) DEP                                                    [XXXCO] :: help (w/DAT); give help/aid; assist; be helpful, be of use/avail; remedy, heal;"
"#aversor, aversari, aversatus sum  V (1st) DEP                                                       [XXXBO] :: turn oneself away in disgust/horror, recoil; avoid, shun; refuse, reject;"
"#avorsor, avorsari, avorsatus sum  V (1st) DEP                                                       [XXXBO] :: turn oneself away in disgust/horror, recoil; avoid, shun; refuse, reject;"
"#bacchor, bacchari, bacchatus sum  V (1st) DEP                                                       [XXXCO] :: celebrate rites of Bacchus; revel/rave/riot; run wild; be frenzied/raving mad;"
"#baccor, baccari, baccatus sum  V (1st) DEP                                                          [EXXEW] :: run riot/wild/crazy, dash in a frenzy; be frenzied;"
"#baubor, baubari, baubatus sum  V (1st) DEP                                                          [XXXEO] :: bark (of dogs), bay, howl;"
"#belligeror, belligerari, belligeratus sum  V (1st) DEP                                              [XWXEO] :: wage or carry on war; be at war;"
"#bellor, bellari, -  V (1st) DEP                                                                     [XWXCO] :: fight, wage war, struggle; take part in war/battle/fight (also animals/games);"
"#benignor, benignari, -  V (1st) DEP                                                                 [EEXFS] :: rejoice, take delight (in);"
"#bovinor, bovinari, -  V (1st) DEP                                                                   [XXXFS] :: bellow at, revile; brawl;"
"#bubulcitor, bubulcitari, bubulcitatus sum  V (1st) DEP                                              [XAXCO] :: drive/tend cattle; be a plowman/farm laborer; be a rustic in general;"
"#caerimonior, caerimoniari, -  V (1st) DEP                                                           [DEXFS] :: treat with due ceremony; worship;"
"#calumnior, calumniari, calumniatus sum  V (1st) DEP                                                 [XXXBO] :: accuse falsely; misrepresent, interpret wrongly; depreciate, find fault with;"
"#carbunculor, carbunculari, carbunculatus sum  V (1st) DEP                                           [XAXNS] :: be afflicted with a form of vine blight;"
"#carinor, carinari, -  V (1st) DEP                                                                   [BXXEO] :: curse, abuse, revile, blame; use abusive language;"
"#carnificor, carnificari, -  V (1st) DEP                                                             [DXXFS] :: execute; behead; butcher; cut in pieces, mangle;"
"#carnuficor, carnuficari, -  V (1st) DEP                                                             [DXXFS] :: execute; behead; butcher; cut in pieces, mangle;"
"#castramentor, castramentari, castramentatus sum  V (1st) DEP                                        [FXXDE] :: pitch a camp; encamp;"
"#castrametor, castrametari, castrametatus sum  V (1st) DEP                                           [DXXCS] :: pitch a camp; encamp;"
"#castrmetor, castrmetari, castrmatatus sum  V (1st) DEP                                              [DWXFS] :: pitch a camp; set up/pitch camp;"
"#cauponor, cauponari, cauponatus sum  V (1st) DEP                                                    [XXXFO] :: traffic/trade in, sell;"
"#causificor, causificari, causificatus sum  V (1st) DEP                                              [XGXEO] :: allege/offer a reason, put forward a pretext; pretend;"
"#causor, causari, causatus sum  V (1st) DEP                                                          [XLXCO] :: allege an excuse/reason, object; excuse oneself; plead a cause, bring action;"
"#caussor, caussari, caussatus sum  V (1st) DEP                                                       [XLXCS] :: allege an excuse/reason, object; excuse oneself; plead a cause, bring action;"
"#cavillor, cavillari, cavillatus sum  V (1st) DEP                                                    [XXXCO] :: jest, banter; make fun of, satirize, mock; use sophistry, quibble, cavil (at);"
"#ceremonior, ceremoniari, -  V (1st) DEP                                                             [FEXES] :: treat with due ceremony; worship;"
"#cerimonior, cerimoniari, -  V (1st) DEP                                                             [DEXES] :: treat with due ceremony; worship;"
"#certor, certari, certatus sum  V (1st) DEP                                                          [XXXFO] :: compete (in a contest), contend/struggle (at law/politics), strive;"
"#cicatricor, cicatricari, cicatricatus sum  V (1st) DEP                                              [DBXCS] :: be scarred over/cicatrized;"
"#circulor, circulari, circulatus sum  V (1st) DEP                                                    [XXXDO] :: form groups/circles round oneself; (for impromptu speech/giving performance);"
"#circumvagor, circumvagari, circumvagatus sum  V (1st) DEP                                           [XXXFO] :: travel/wander/roam around/about; (person, sound, etc); encircle;"
"#circumvectitor, circumvectitari, circumvectitatus sum  V (1st) DEP                                  [BXXFS] :: travel about; visit in succession;"
"#circumvector, circumvectari, circumvectatus sum  V (1st) DEP                                        [XXXDO] :: sail round; travel round;"
"#circumversor, circumversari, circumversatus sum  V (1st) DEP                                        [XXXFO] :: turn about repeatedly; spin/whirl about/around;"
"#circumvolutor, circumvolutari, circumvolutatus sum  V (1st) DEP                                     [XXXNO] :: roll over;"
"#circumvorsor, circumvorsari, circumvorsatus sum  V (1st) DEP                                        [XXXFS] :: turn about repeatedly; spin/whirl about/around;"
"#cocionor, cocionari, cocionatus sum  V (1st) DEP                                                    [XXXFO] :: trade, traffic (in a petty way); be a dealer/broker;"
"#coepulor, coepulari, coepulatus sum  V (1st) DEP                                                    [DXXFS] :: feast/dine together;"
"#cognominor, cognominari, cognominatus sum  V (1st) DEP                                              [FXXEE] :: be named/surnamed/called;"
"#cohortor, cohortari, cohortatus sum  V (1st) DEP                                                    [XXXBO] :: encourage, cheer up; exhort, rouse, incite; admonish;"
"#collaetor, collaetari, collaetatus sum  V (1st) DEP                                                 [DXXFS] :: rejoice together;"
"#collimitor, collimitari, collimitatus sum  V (1st) DEP                                              [DXXES] :: border upon; (w/DAT);"
"#colluctor, colluctari, colluctatus sum  V (1st) DEP                                                 [XXXCO] :: struggle physically; wrestle/contend (with); struggle/fight against (adversity);"
"#columbor, columbari, columbatus sum  V (1st) DEP                                                    [XXXFO] :: bill and coo; (like doves);"
"#comisor, comisari, comisatus sum  V (1st) DEP                                                       [XXXCO] :: carouse, revel, make merry; hold a festive procession (L+S);"
"#comissor, comissari, comissatus sum  V (1st) DEP                                                    [XXXCO] :: carouse, revel, make merry; hold a festive procession (L+S);"
"#comitor, comitari, comitatus sum  V (1st) DEP                                                       [XXXAO] :: join as an attendant, guard/escort; accompany, follow; attend (funeral);"
"#comitor, comitari, comitatus sum  V (1st) DEP                                                       [XXXAO] :: |go/be carried with; be retained/stay/grow/join with; be connected with; occur;"
"#commanducor, commanducari, commanducatus sum  V (1st) DEP                                           [XXXEO] :: chew up, chew/masticate thoroughly; chew to pieces (L+S);"
"#commeditor, commeditari, commeditatus sum  V (1st) DEP                                              [XXXEO] :: study, practice; imitate (poetic); impress carefully on one's mind (L+S);"
"#commentor, commentari, commentatus sum  V (1st) DEP                                                 [XXXBO] :: think about; study beforehand, practice, prepare; discuss, argue over; imagine;"
"#commercior, commerciari, commerciatus sum  V (1st) DEP                                              [DXXFS] :: trade;"
"#commercor, commercari, commercatus sum  V (1st) DEP                                                 [XXXDO] :: buy, purchase; buy up (L+S); trade/traffic together;"
"#comminor, comminari, comminatus sum  V (1st) DEP                                                    [XXXCO] :: threaten, make a threat;"
"#commiseror, commiserari, commiseratus sum  V (1st) DEP                                              [XXXCO] :: feel pity/compassion for; sympathize with; seek/arouse pity/sympathy for; bewail"
"#commisor, commisari, commisatus sum  V (1st) DEP                                                    [XXXCS] :: carouse, revel, make merry; hold a festive procession (L+S);"
"#commissor, commissari, commissatus sum  V (1st) DEP                                                 [XXXCS] :: carouse, revel, make merry; hold a festive procession (L+S);"
"#commoror, commorari, commoratus sum  V (1st) DEP                                                    [XXXBO] :: stop/stay/remain, abide; linger, delay; detain, be delayed (menses); dwell on;"
"#communicor, communicari, communicatus sum  V (1st) DEP                                              [XXXDS] :: share; share/divide with/out; receive/take a share of; receive; join with;"
"#commurmuror, commurmurari, commurmuratus sum  V (1st) DEP                                           [XXXDO] :: mutter, murmur; rumble; chatter/twitter (birds);"
"#compestror, compestrari, compestratus sum  V (1st) DEP                                              [FXXEE] :: clothe in apron;"
"#complexor, complexari, complexatus sum  V (1st) DEP                                                 [DXXFS] :: embrace closely; join, combine (Ecc);"
"#comprecor, comprecari, comprecatus sum  V (1st) DEP                                                 [XEXCO] :: implore, invoke (gods); supplicate, pray that; pray for; pray to;"
"#concertor, concertari, concertatus sum  V (1st) DEP                                                 [DXXES] :: fight, engage in a contest, vie with, dispute, debate (zealously); argue over;"
"#concionor, concionari, concionatus sum  V (1st) DEP                                                 [ELXCO] :: address assembly, deliver public speech; preach/harangue; attend public meeting;"
"#concomitor, concomitari, concomitatus sum  V (1st) DEP                                              [DXXES] :: attend, accompany, escort;"
"#concriminor, concriminari, concriminatus sum  V (1st) DEP                                           [XLXFO] :: bring a charge; make an accusation; make bitter accusations, complain (L+S);"
"#confabricor, confabricari, confabricatus sum  V (1st) DEP                                           [XXXFO] :: construct, build up; compose, make (L+S);"
"#confabulor, confabulari, confabulatus sum  V (1st) DEP                                              [XXXDO] :: converse, talk together; talk about; discuss something (L+S);"
"#conflictor, conflictari, conflictatus sum  V (1st) DEP                                              [XXXCO] :: contend, struggle; enter into a contest;"
"#confortor, confortari, confortatus sum  V (1st) DEP                                                 [FXXEE] :: wax strong; take courage;"
"#conglacior, conglaciari, conglaciatus sum  V (1st) DEP                                              [XXXDO] :: freeze, turn to ice;"
"#conglutinor, conglutinari, conglutinatus sum  V (1st) DEP                                           [FXXDE] :: glue/stick/bind/cohere together; cement; cleave to; bring to agreement; devise;"
"#congratulor, congratulari, congratulatus sum  V (1st) DEP                                           [XXXEO] :: congratulate; wish joy; rejoice with (ECC);"
"#conjucundor, conjucundari, conjucundatus sum  V (1st) DEP                                           [DEXFS] :: rejoice together/with one;"
"#conlaetor, conlaetari, conlaetatus sum  V (1st) DEP                                                 [DXXFS] :: rejoice together;"
"#conlimitor, conlimitari, -  V (1st) DEP                                                             [DXXES] :: border upon; (w/DAT);"
"#conluctor, conluctari, conluctatus sum  V (1st) DEP                                                 [XXXCO] :: struggle physically; wrestle/contend (with); struggle/fight against (adversity);"
"#conmercor, conmercari, conmercatus sum  V (1st) DEP                                                 [XXXDO] :: buy, purchase; buy up (L+S); trade/traffic together;"
"#conmoror, conmorari, conmoratus sum  V (1st) DEP                                                    [XXXBS] :: stop/stay/remain, abide; linger, delay; detain, be delayed (menses); dwell on;"
"#conmunicor, conmunicari, conmunicatus sum  V (1st) DEP                                              [XXXDS] :: share; share/divide with/out; receive/take a share of; receive; join with;"
"#conor, conari, conatus sum  V (1st) DEP                                                             [XXXBO] :: attempt/try/endeavor, make an effort; exert oneself; try to go/rise/speak;"
"#conprecor, conprecari, conprecatus sum  V (1st) DEP                                                 [XEXCO] :: implore, invoke (gods); supplicate, pray that; pray for; pray to;"
"#conruspor, conruspari, conruspatus sum  V (1st) DEP                                                 [XXXEO] :: search for, seek out; search carefully after (L+S);"
"#consavior, consaviari, consaviatus sum  V (1st) DEP                                                 [XXXFO] :: cover with kisses; kiss affectionately (L+S);"
"#conscreor, conscreari, conscreatus sum  V (1st) DEP                                                 [XXXFO] :: clear the throat/voice; hawk (much);"
"#consector, consectari, consectatus sum  V (1st) DEP                                                 [XXXBO] :: seek, pursue, make for (eagerly); research into; imitate, follow example of;"
"#consector, consectari, consectatus sum  V (1st) DEP                                                 [XXXBO] :: |hunt down, overtake, seek out (to destroy); attack/inveigh against; persecute;"
"#consermonor, consermonari, consermonatus sum  V (1st) DEP                                           [XXXFO] :: talk, converse;"
"#consilior, consiliari, consiliatus sum  V (1st) DEP                                                 [XXXCO] :: take counsel, consult; deliberate; advise, give advice;"
"#consolor, consolari, consolatus sum  V (1st) DEP                                                    [XXXCO] :: console, (be source of) comfort/solace; soothe; alleviate/allay/assuage (grief);"
"#conspicor, conspicari, conspicatus sum  V (1st) DEP                                                 [XXXCO] :: catch sight of, see; observe, notice; perceive; be conspicuous; be regarded;"
"#consuavior, consuaviari, consuaviatus sum  V (1st) DEP                                              [XXXFO] :: cover with kisses; kiss affectionately (L+S);"
"#consultor, consultari, consultatus sum  V (1st) DEP                                                 [DXXES] :: consult, go for/ask/take counsel; consult oracle/astrologer;"
"#contechnor, contechnari, contechnatus sum  V (1st) DEP                                              [XXXFO] :: plot, devise/contrive a trick;"
"#contemplor, contemplari, contemplatus sum  V (1st) DEP                                              [XXXBO] :: observe/note/notice, gaze/look hard at, regard; contemplate/consider carefully;"
"#contentor, contentari, contentatus sum  V (1st) DEP                                                 [FLXEM] :: satisfy; pay;"
"#contestor, contestari, contestatus sum  V (1st) DEP                                                 [XLXCO] :: call to witness; appeal to the gods that (w/ut); join issue (w/litis);"
"#continor, continari, continatus sum  V (1st) DEP                                                    [XXXDO] :: encounter, meet with;"
"#continuor, continuari, continuatus sum  V (1st) DEP                                                 [XXXDO] :: encounter, meet with; join, unite oneself to/with (L+S);"
"#contionor, contionari, contionatus sum  V (1st) DEP                                                 [XLXCO] :: address assembly, deliver public speech; preach/harangue; attend public meeting;"
"#contor, contari, contatus sum  V (1st) DEP                                                          [XXXFO] :: inquire;"
"#contor, contari, cunctatus sum  V (1st) DEP                                                         [DXXBS] :: delay, impede, hold up; hesitate, tarry, linger; be slow to act; dawdle; doubt;"
"#contrarior, contrariari, contrariatus sum  V (1st) DEP                                              [FXXEM] :: oppose;"
"#controversor, controversari, controversatus sum  V (1st) DEP                                        [XGXFO] :: dispute; (used by Cicero as translation of Greek); be at variance (L+S);"
"#contutor, contutari, contutatus sum  V (1st) DEP                                                    [DXXES] :: place in safety;"
"#convador, convadari, convadatus sum  V (1st) DEP                                                    [XXXFO] :: make a person give surety/bail to appear in court;"
"#conversor, conversari, conversatus sum  V (1st) DEP                                                 [XXXCO] :: consort/associate (with); be constant visitor (to); conduct oneself, behave/act;"
"#conversor, conversari, conversatus sum  V (1st) DEP                                                 [XXXCS] :: |abide, live, dwell (somewhere); keep company with; live with; pass one's life;"
"#convicior, conviciari, conviciatus sum  V (1st) DEP                                                 [XXXCO] :: scold/jeer/revile/insult, utter abuse against; reproach, taunt, rail at (L+S);"
"#convitior, convitiari, convitiatus sum  V (1st) DEP                                                 [FXXEE] :: revile, reproach; insult;"
"#convivor, convivari, convivatus sum  V (1st) DEP                                                    [XXXCO] :: give/attend a dinner party/feast; carouse/feast/banquet together (L+S); eat;"
"#cooperor, cooperari, cooperatus sum  V (1st) DEP                                                    [DXXDS] :: work with/together, cooperate (with); combine, unite;"
"#coperor, coperari, coperatus sum  V (1st) DEP                                                       [DXXDS] :: work with/together, cooperate (with); combine, unite;"
"#copior, copiari, copiatus sum  V (1st) DEP                                                          [XWXFO] :: furnish oneself (with supplies); (military); provide oneself abundantly (L+S);"
"#copulor, copulari, copulatus sum  V (1st) DEP                                                       [XXXES] :: connect, join physically, couple; bind/tie together, associate, unite, ally;"
"#cornicor, cornicari, cornicatus sum  V (1st) DEP                                                    [XXXEO] :: say in a croaking voice, croak out; caw like a crow (L+S);"
"#corruspor, corruspari, corruspatus sum  V (1st) DEP                                                 [XXXEO] :: search for, seek out; search carefully after (L+S);"
"#criminor, criminari, criminatus sum  V (1st) DEP                                                    [XLXBO] :: accuse, denounce; charge (with); allege with accusation; make accusations;"
"#cunctor, cunctari, cunctatus sum  V (1st) DEP                                                       [XXXBO] :: delay, impede, hold up; hesitate, tarry, linger; be slow to act; dawdle; doubt;"
"#deargumentor, deargumentari, deargumentatus sum  V (1st) DEP                                        [DLXFS] :: decide finally;"
"#debacchor, debacchari, debacchatus sum  V (1st) DEP                                                 [XXXEO] :: rage; rave; (like Bacchantes); revel wildly (L+S); rage without control;"
"#deconctor, deconctari, deconctatus sum  V (1st) DEP                                                 [XXXEO] :: hesitate, delay (over), take one's time;"
"#decontor, decontari, decontatus sum  V (1st) DEP                                                    [DXXFS] :: hesitate; be at a loss;"
"#decunctor, decunctari, decunctatus sum  V (1st) DEP                                                 [XXXEO] :: hesitate, delay (over), take one's time;"
"#dedignor, dedignari, dedignatus sum  V (1st) DEP                                                    [XXXCO] :: disdain; refuse (scornfully), reject with scorn, spurn; feel contempt for;"
"#defrustror, defrustrari, defrustratus sum  V (1st) DEP                                              [XXXFO] :: foil/thwart completely/thoroughly;"
"#degrassor, degrassari, degrassatus sum  V (1st) DEP                                                 [XXXEO] :: sink (w/ACC); descend upon; rush down (L+S); attack fiercely; revile;"
"#degrumor, degrumari, degrumatus sum  V (1st) DEP                                                    [XTXDO] :: straighten; level off;"
"#dehortor, dehortari, dehortatus sum  V (1st) DEP                                                    [XXXCO] :: dissuade; advise (person) against an action; deter, have restraining influence;"
"#delamentor, delamentari, delamentatus sum  V (1st) DEP                                              [XXXFO] :: give oneself up to mourning for; lament, bewail (L+S);"
"#delector, delectari, delectatus sum  V (1st) DEP                                                    [XXXDO] :: delight, please, amuse, fascinate; charm, lure, entice; be a source of delight;"
"#delector, delectari, delectatus sum  V (1st) DEP                                                    [XXXDO] :: |(PASS) be delighted/glad, take pleasure; (w/INF) enjoy (being/doing);"
"#deluctor, deluctari, deluctatus sum  V (1st) DEP                                                    [XXXEO] :: wrestle; fight it out (with); struggle (L+S);"
"#deludificor, deludificari, deludificatus sum  V (1st) DEP                                           [XXXEO] :: dupe, make a complete fool of;"
"#demetor, demetari, demetatus sum  V (1st) DEP                                                       [XSXEO] :: measure out; mark out; fix the limits;"
"#demetor, demetari, demetatus sum  V (1st) DEP                                                       [XSXFO] :: measure, mark out;"
"#demiror, demirari, demiratus sum  V (1st) DEP                                                       [XXXCO] :: wonder (I wonder how/why); be amazed/utterly astonished at, at loss to imagine;"
"#demoror, demorari, demoratus sum  V (1st) DEP                                                       [XXXCO] :: detain, cause delay, keep waiting/back, hold up; keep (from); delay/linger/stay;"
"#demuneror, demunerari, demuneratus sum  V (1st) DEP                                                 [DLXFS] :: reward; remunerate, pay the fee (to/for);"
"#deosculor, deosculari, deosculatus sum  V (1st) DEP                                                 [XXXEO] :: kiss warmly/affectionately; praise/laud highly (L+S);"
"#depeculor, depeculari, depeculatus sum  V (1st) DEP                                                 [XXXCO] :: defraud/embezzle, deprive by fraud; steal/rob/plunder/despoil/rifle; diminish;"
"#depopulor, depopulari, depopulatus sum  V (1st) DEP                                                 [XWXCO] :: sack/plunder/pillage/rob/despoil; ravage/devastate/destroy/lay waste; overgraze;"
"#depraedor, depraedari, depraedatus sum  V (1st) DEP                                                 [XWXEO] :: exhaust by plundering/pillaging; plunder, pillage (L+S);"
"#deprecor, deprecari, deprecatus sum  V (1st) DEP                                                    [XXXAO] :: avert by prayer; entreat/pray/beg; intercede/beg pardon/mercy/relief/exemption;"
"#deproelior, deproeliari, deproeliatus sum  V (1st) DEP                                              [XWXFO] :: fight/struggle/war fiercely/violently, battle;"
"#despicor, despicari, despicatus sum  V (1st) DEP                                                    [XXXEO] :: despise; scorn, disdain;"
"#despolior, despoliari, despoliatus sum  V (1st) DEP                                                 [XXXFS] :: rob/plunder; despoil (of); strip, deprive of clothing/covering; (for flogging);"
"#detestor, detestari, detestatus sum  V (1st) DEP                                                    [XXXBO] :: call down solemn curse on, execrate; detest/loathe; avert, ward off by entreaty;"
"#devagor, devagari, devagatus sum  V (1st) DEP                                                       [DXXES] :: wander; stray from; digress;"
"#deveneror, devenerari, deveneratus sum  V (1st) DEP                                                 [XEXFO] :: exorcise; ward off by religious rite, avert by prayers; reverence/worship (L+S);"
"#deversor, deversari, deversatus sum  V (1st) DEP                                                    [XXXDX] :: lodge, stay, have lodgings; put up at an inn;"
"#digladior, digladiari, digladiatus sum  V (1st) DEP                                                 [XWXEO] :: fight (gladiatorial); fight/struggle fiercely; contend; flourish sword (Cas);"
"#dignor, dignari, dignatus sum  V (1st) DEP                                                          [XXXDO] :: deem/consider/think worthy/becoming/deserving/fit (to); deign, condescend;"
"#digrassor, digrassari, digrassatus sum  V (1st) DEP                                                 [EXXFP] :: rove around/about;"
"#dimetor, dimetari, dimetatus sum  V (1st) DEP                                                       [XSXEO] :: measure out; mark out; fix the limits;"
"#dominor, dominari, dominatus sum  V (1st) DEP                                                       [XXXBO] :: be master/despot/in control, rule over, exercise sovereignty; rule/dominate;"
"#ecfor, ecfari, ecfatus sum  V (1st) DEP                                                             [XXXCO] :: utter, say (solemn words); declare, announce, make known; speak, express;"
"#effor, effari, effatus sum  V (1st) DEP                                                             [XXXCO] :: utter, say (solemn words); declare, announce, make known; speak, express;"
"#ejaculor, ejaculari, ejaculatus sum  V (1st) DEP                                                    [XXXDX] :: shoot forth, spout forth, discharge;"
"#elluor, elluari, elluatus sum  V (1st) DEP                                                          [XXXDO] :: spend immoderately (eating/luxuries); be a glutton/gormandize; squander;"
"#eluctor, eluctari, eluctatus sum  V (1st) DEP                                                       [XXXDX] :: force a way through; surmount a difficulty;"
"#elucubror, elucubrari, elucubratus sum  V (1st) DEP                                                 [XXXDX] :: compose at night; burn the midnight oil over, spend the night working;"
"#emercor, emercari, emercatus sum  V (1st) DEP                                                       [XXXCO] :: bribe; win (over) by bribing; win/buy up/procure favors by bribes;"
"#emiror, emirari, emiratus sum  V (1st) DEP                                                          [XXXFO] :: wonder greatly at;"
"#emoderor, emoderari, emoderatus sum  V (1st) DEP                                                    [XXXFO] :: soothe, restrain; (passion);"
"#emodulor, emodulari, emodulatus sum  V (1st) DEP                                                    [XPXFO] :: set (poetry) to a certain rhythm;"
"#enascor, enascari, enatus sum  V (1st) DEP                                                          [XXXCO] :: sprout/spring forth, arise/be born out of something by natural growth; (day);"
"#epulor, epulari, epulatus sum  V (1st) DEP                                                          [XXXDX] :: dine sumptuously, feast;"
"#evagor, evagari, evagatus sum  V (1st) DEP                                                          [XXXDX] :: wander off/out/forth/to and fro, stray; maneuver; spread, overstep;"
"#excalceor, excalceari, excalceatus sum  V (1st) DEP                                                 [XXXFO] :: remove the shoes from;"
"#execror, execrari, execratus sum  V (1st) DEP                                                       [XXXDX] :: curse; detest;"
"#exequior, exequiari, exequiatus sum  V (1st) DEP                                                    [XXXFO] :: follow in funeral procession to the grave; attend at the grave;"
"#exhortor, exhortari, exhortatus sum  V (1st) DEP                                                    [XXXDX] :: exhort, encourage, incite;"
"#exosculor, exosculari, exosculatus sum  V (1st) DEP                                                 [XXXCO] :: kiss fondly; express fondness for; admire greatly;"
"#expatior, expatiari, expatiatus sum  V (1st) DEP                                                    [XXXDX] :: wander from the course; spread out;"
"#expiscor, expiscari, expiscatus sum  V (1st) DEP                                                    [XXXEO] :: angle/fish for (information); search/fish/find out; inquire; (slang?);"
"#exsecror, exsecrari, exsecratus sum  V (1st) DEP                                                    [XXXDX] :: curse; detest;"
"#exsequior, exsequiari, exsequiatus sum  V (1st) DEP                                                 [XXXFO] :: follow in funeral procession to the grave; attend at the grave;"
"#exspatior, exspatiari, exspatiatus sum  V (1st) DEP                                                 [XXXDX] :: digress, go from the course, wander from the way, spread, extend;"
"#fabricor, fabricari, fabricatus sum  V (1st) DEP                                                    [XXXCO] :: build/construct/fashion/forge/shape; train; get ready (meal); invent/devise;"
"#fabulor, fabulari, fabulatus sum  V (1st) DEP                                                       [XXXCO] :: talk (familiarly), chat, converse; invent a story, make up a fable;"
"#faeneror, faenerari, faeneratus sum  V (1st) DEP                                                    [XXXDO] :: lend money at interest; make interest/profit; invest/finance/supply; borrow;"
"#famulor, famulari, famulatus sum  V (1st) DEP                                                       [XXXDX] :: be a servant, attend;"
"#feneror, fenerari, feneratus sum  V (1st) DEP                                                       [XXXEO] :: lend money at interest; make interest/profit; invest/finance/supply; borrow;"
"#ferior, feriari, feriatus sum  V (1st) DEP                                                          [EXXDE] :: rest from work/labor; keep/celebrate holiday;"
"#fluctuor, fluctuari, fluctuatus sum  V (1st) DEP                                                    [XXXDX] :: waver, be in doubt, hesitate;"
"#for, fari, fatus sum  V (1st) DEP                                                                   [XXXBX] :: speak, talk; say;"
"#fornicor, fornicari, fornicatus sum  V (1st) DEP                                                    [DEXCS] :: fornicate; commit fornication/whoredom; prostitute/devote to unworthy use (Def);"
"#frumentor, frumentari, frumentatus sum  V (1st) DEP                                                 [XXXDX] :: get grain, forage;"
"#fruor, fruari, fruitus sum  V (1st) DEP                                                             [XXXBX] :: enjoy, profit by, delight in (w/ABL);"
"#frustror, frustrari, frustratus sum  V (1st) DEP                                                    [XXXBO] :: disappoint, frustrate, deceive (w/false hope); escape/elude; baffle/evade; fail;"
"#frustror, frustrari, frustratus sum  V (1st) DEP                                                    [EXXCP] :: |reject; delay; rob/defraud/cheat; pretend; refute (argument); corrupt/falsify;"
"#fruticor, fruticari, fruticatus sum  V (1st) DEP                                                    [XAXBO] :: put forth shoots, bush/branch out; (antlers); become bushy, grow thickly (hair);"
"#furor, furari, furatus sum  V (1st) DEP                                                             [XXXBX] :: steal; plunder;"
"#gesticulor, gesticulari, gesticulatus sum  V (1st) DEP                                              [XXXDX] :: gesticulate;  make mimic or pantomimic movements;"
"#glorior, gloriari, gloriatus sum  V (1st) DEP                                                       [XXXBX] :: boast, brag; glory, pride oneself;"
"#graecor, graecari, graecatus sum  V (1st) DEP                                                       [XXXEC] :: imitate the Greeks;"
"#grassor, grassari, grassatus sum  V (1st) DEP                                                       [XXXDX] :: march on, advance; roam in search of victims, prowl; proceed; run riot;"
"#gratificor, gratificari, gratificatus sum  V (1st) DEP                                              [XXXCO] :: oblige, gratify, humor, show kindness to; bestow, make a present of;"
"#grator, gratari, gratatus sum  V (1st) DEP                                                          [XXXDX] :: congratulate (w/DAT); rejoice with;"
"#gratulor, gratulari, gratulatus sum  V (1st) DEP                                                    [XXXDX] :: congratulate; rejoice, be glad; thank, give/render thanks;"
"#gravidor, gravidari, gravidatus sum  V (1st) DEP                                                    [XXXEE] :: become pregnant; grow heavy;"
"#gravor, gravari, gravatus sum  V (1st) DEP                                                          [XXXDX] :: show/bear with reluctance/annoyance; be burdened/vexed; take amiss; hesitate;"
"#halucinor, halucinari, halucinatus sum  V (1st) DEP                                                 [XXXDX] :: wander in mind, talk idly/unreasonably, ramble, dream; wander;"
"#haricolor, haricolari, haricolatus sum  V (1st) DEP                                                 [XEXCO] :: speak by divine inspiration or with second sight, prophesy, divine; (facetious?)"
"#hariolor, hariolari, hariolatus sum  V (1st) DEP                                                    [XEXEC] :: utter prophecies; talk nonsense;"
"#hejulor, hejulari, hejulatus sum  V (1st) DEP                                                       [EEXEE] :: wail; lament;"
"#helluor, helluari, helluatus sum  V (1st) DEP                                                       [XXXDO] :: spend immoderately (eating/luxuries); be a glutton/gormandize; squander;"
"#heluor, heluari, heluatus sum  V (1st) DEP                                                          [XXXDS] :: spend immoderately (eating/luxuries); be a glutton, gormandize; squander;"
"#honestor, honestari, honestatus sum  V (1st) DEP                                                    [FXXEE] :: be earnest/serious/grave;"
"#hortor, hortari, hortatus sum  V (1st) DEP                                                          [XXXBX] :: encourage; cheer; incite; urge; exhort;"
"#hospitor, hospitari, hospitatus sum  V (1st) DEP                                                    [XXXDX] :: be a guest; lodge; stay; put up as a guest/lodger;"
"#illacrimor, illacrimari, illacrimatus sum  V (1st) DEP                                              [XXXCO] :: weep over/at (with DAT); shed tears; water (eyes);"
"#imaginor, imaginari, imaginatus sum  V (1st) DEP                                                    [XXXEC] :: imagine, conceive, picture to oneself;"
"#imitor, imitari, imitatus sum  V (1st) DEP                                                          [XXXAO] :: imitate/copy/mimic; follow; make an imitation/reproduction; resemble; simulate;"
"#imprecor, imprecari, imprecatus sum  V (1st) DEP                                                    [XXXDX] :: call down/upon, invoke; pray for; utter curses;"
"#indignor, indignari, indignatus sum  V (1st) DEP                                                    [XXXBX] :: deem unworthy, scorn, regard with indignation, resent, be indignant;"
"#inficior, inficiari, inficiatus sum  V (1st) DEP                                                    [XXXDX] :: deny; refuse to acknowledge as true; withhold; disown; repudiate (claims);"
"#infitior, infitiari, infitiatus sum  V (1st) DEP                                                    [XXXDX] :: deny; not confess/acknowledge; withhold; disown; repudiate (claim); contradict;"
"#injurior, injuriari, injuriatus sum  V (1st) DEP                                                    [DXXES] :: injure; do injury; wrong, do wrong;"
"#inlacrimor, inlacrimari, inlacrimatus sum  V (1st) DEP                                              [XXXCO] :: weep over/at (with DAT); shed tears; water (eyes);"
"#insector, insectari, insectatus sum  V (1st) DEP                                                    [XXXDX] :: pursue with hostile intent; pursue with hostile speech, etc;"
"#insidior, insidiari, insidiatus sum  V (1st) DEP                                                    [XXXBO] :: lie in wait (to rob/assault; lie in ambush; make treacherous attack (on); plot;"
"#insidior, insidiari, insidiatus sum  V (1st) DEP                                                    [XXXBO] :: |lay traps; act to catch person out; wait and watch; be on lookout (for); lurk;"
"#interfor, interfari, interfatus sum  V (1st) DEP                                                    [XXXCO] :: interrupt, interpose; break in conversation; speak between/while other speaking;"
"#interminor, interminari, interminatus sum  V (1st) DEP                                              [XXXCO] :: utter threats (to check/alter action); forbid w/threats; threaten, menace (L+S);"
"#interpretor, interpretari, interpretatus sum  V (1st) DEP                                           [XXXAO] :: explain/expound; interpret/prophesy from (dream/omen); understand/comprehend;"
"#interpretor, interpretari, interpretatus sum  V (1st) DEP                                           [XXXAO] :: |decide; translate; regard/construe; take view (that); interpret to suit self;"
"#jaculor, jaculari, jaculatus sum  V (1st) DEP                                                       [XXXDX] :: throw a javelin; hurl, cast; shoot at;"
"#jocor, jocari, jocatus sum  V (1st) DEP                                                             [DXXCS] :: joke, jest; say in jest; make merry;"
"#joculor, joculari, joculatus sum  V (1st) DEP                                                       [XXXDX] :: jest; joke;"
"#juvenor, juvenari, iuvenatus sum  V (1st) DEP                                                       [XXXEC] :: act like a youth, be impetuous;"
"#lacrimor, lacrimari, lacrimatus sum  V (1st) DEP                                                    [XXXDX] :: shed tears, weep;"
"#laetor, laetari, laetatus sum  V (1st) DEP                                                          [XXXBO] :: be glad/joyful/delighted; rejoice; be fond (of), delight in; flourish (on/in);"
"#lamentor, lamentari, lamentatus sum  V (1st) DEP                                                    [XXXCO] :: lament; utter cries of grief; bewail; lament for; complain that;"
"#latrocinor, latrocinari, latrocinatus sum  V (1st) DEP                                              [XXXDX] :: engage in brigandage or piracy;"
"#lenocinor, lenocinari, lenocinatus sum  V (1st) DEP                                                 [XXXEC] :: work as a procurer; make up to, flatter;"
"#libidinor, libidinari, libidinatus sum  V (1st) DEP                                                 [XXXEO] :: gratify/indulge lust/passion;"
"#lignor, lignari, lignatus sum  V (1st) DEP                                                          [XXXDX] :: collect firewood;"
"#lubidinor, lubidinari, lubidinatus sum  V (1st) DEP                                                 [XXXEO] :: gratify/indulge lust/passion;"
"#lubricor, lubricari, lubricatus sum  V (1st) DEP                                                    [EXXFP] :: slip (morally);"
"#lucror, lucrari, lucratus sum  V (1st) DEP                                                          [XXXDX] :: gain, win; make a profit (out of );"
"#luctor, luctari, luctatus sum  V (1st) DEP                                                          [XXXDX] :: wrestle; struggle; fight (against);"
"#ludificor, ludificari, ludificatus sum  V (1st) DEP                                                 [XXXDX] :: make fun/sport of, treat as a plaything; trifle with;"
"#lurchor, lurchari, lurchatus sum  V (1st) DEP                                                       [XXXFO] :: eat greedily; guzzle, gorge; devour (Ecc); eat voraciously (L+S);"
"#lurcor, lurcari, lurcatus sum  V (1st) DEP                                                          [XXXFO] :: eat greedily; guzzle, gorge; devour (Ecc); eat voraciously (L+S);"
"#lustror, lustrari, lustratus sum  V (1st) DEP                                                       [XXXEO] :: haunt/frequent brothels;"
"#luxurior, luxuriari, luxuriatus sum  V (1st) DEP                                                    [XXXDO] :: grow luxuriantly/rank; luxuriate; frisk/gambol; revel/run riot; indulge oneself;"
"#machinor, machinari, machinatus sum  V (1st) DEP                                                    [XXXDX] :: devise; plot;"
"#malignor, malignari, malignatus sum  V (1st) DEP                                                    [EXXCS] :: malign; act/do/contrive maliciously; act badly/wickedly (Ecc);"
"#manducor, manducari, manducatus sum  V (1st) DEP                                                    [XXXCO] :: chew, masticate, gnaw; eat, devour;"
"#masterbor, masterbari, masterbatus sum  V (1st) DEP                                                 [XXXFO] :: masturbate; defile oneself (L+S);"
"#masturbor, masturbari, masturbatus sum  V (1st) DEP                                                 [XXXES] :: masturbate;"
"#materior, materiari, materiatus sum  V (1st) DEP                                                    [XXXDX] :: get timber;"
"#medicor, medicari, medicatus sum  V (1st) DEP                                                       [XBXDX] :: heal, cure;"
"#meditor, meditari, meditatus sum  V (1st) DEP                                                       [XXXAO] :: consider/contemplate/ponder; meditate, think about; reflect on; devise/plan;"
"#meditor, meditari, meditatus sum  V (1st) DEP                                                       [XXXAO] :: |have in mind, intend; think out, prepare a speech; practice public speaking;"
"#meditor, meditari, meditatus sum  V (1st) DEP                                                       [XXXAO] :: ||rehearse; go over, say to oneself; declaim, work over (song) in performance;"
"#mendicor, mendicari, mendicatus sum  V (1st) DEP                                                    [XXXDO] :: beg for; be a beggar, go begging;"
"#mercor, mercari, mercatus sum  V (1st) DEP                                                          [XXXDX] :: trade; buy;"
"#metor, metari, metatus sum  V (1st) DEP                                                             [XXXDX] :: measure off, mark out;"
"#minitor, minitari, minitatus sum  V (1st) DEP                                                       [XXXCO] :: threaten (to), use threats; constitute a danger/threat; hold out as a threat;"
"#minor, minari, minatus sum  V (1st) DEP                                                             [XXXBO] :: threaten, speak/act menacingly; make threatening movement; give indication of;"
"#miror, mirari, miratus sum  V (1st) DEP                                                             [XXXBO] :: be amazed/surprised/bewildered (at); look in wonder/awe/admiration at;"
"#miror, mirari, miratus sum  V (1st) DEP                                                             [XXXBO] :: |admire/revere; wonder; marvel at;"
"#miseror, miserari, miseratus sum  V (1st) DEP                                                       [XXXDO] :: pity, feel sorry for; view with compassion; (vocal sorrow/compassion);"
"#moderor, moderari, moderatus sum  V (1st) DEP                                                       [XXXBX] :: guide; control; regulate; govern;"
"#modulor, modulari, modulatus sum  V (1st) DEP                                                       [XXXBX] :: sing; play; set to music;"
"#moechor, moechari, moechatus sum  V (1st) DEP                                                       [XXXDX] :: commit adultery;"
"#morigeror, morigerari, morigeratus sum  V (1st) DEP                                                 [XXXDO] :: be compliant/indulgent to; gratify; humor;"
"#moror, morari, moratus sum  V (1st) DEP                                                             [XXXAX] :: delay; stay, stay behind; devote attention to;"
"#muginor, muginari, muginatus sum  V (1st) DEP                                                       [XXXEC] :: loiter, dally;"
"#muneror, munerari, muneratus sum  V (1st) DEP                                                       [XXXEC] :: give, present;"
"#musinor, musinari, musinatus sum  V (1st) DEP                                                       [XXXNO] :: deliberate about;"
"#mutuor, mutuari, mutuatus sum  V (1st) DEP                                                          [XXXCO] :: borrow, obtain on loan;"
"#negotior, negotiari, negotiatus sum  V (1st) DEP                                                    [XXXDX] :: do business, trade;"
"#nixor, nixari, nixatus sum  V (1st) DEP                                                             [XXXEO] :: support oneself, rest/lean (on) (w/ABL); struggle/strive, exert oneself (W/INF);"
"#nugor, nugari, nugatus sum  V (1st) DEP                                                             [XXXDX] :: play the fool, talk nonsense; trifle;"
"#nundinor, nundinari, nundinatus sum  V (1st) DEP                                                    [XXXDX] :: buy or sell in the market; practice trade of a discreditable kind;"
"#nutricor, nutricari, nutricatus sum  V (1st) DEP                                                    [XXXEO] :: nurse/suckle; raise/rear/bring up; nourish/promote growth/well being; cherish;"
"#obluctor, obluctari, obluctatus sum  V (1st) DEP                                                    [XXXDX] :: struggle against;"
"#obsonor, obsonari, obsonatus sum  V (1st) DEP                                                       [XXXDO] :: buy food, get/purchase provisions/(things for meal); go shopping; feast/banquet;"
"#obtestor, obtestari, obtestatus sum  V (1st) DEP                                                    [XXXDX] :: call to witness; implore;"
"#obversor, obversari, obversatus sum  V (1st) DEP                                                    [XXXDX] :: appear before one; go to and fro publicly;"
"#odoror, odorari, odoratus sum  V (1st) DEP                                                          [XXXBX] :: smell out, scent; get a smattering (of );"
"#ominor, ominari, ominatus sum  V (1st) DEP                                                          [XXXDX] :: forebode, presage;"
"#operor, operari, operatus sum  V (1st) DEP                                                          [XXXBX] :: labor, toil, work; perform (religious service), attend, serve; devote oneself;"
"#opinor, opinari, opinatus sum  V (1st) DEP                                                          [XXXBX] :: suppose, imagine;"
"#opitulor, opitulari, opitulatus sum  V (1st) DEP                                                    [XXXDX] :: bring aid to; help; bring relief to;"
"#opsonor, opsonari, opsonatus sum  V (1st) DEP                                                       [XXXDO] :: buy food, get/purchase provisions/(things for meal); go shopping; feast/banquet;"
"#ortor, ortari, ortatus sum  V (1st) DEP                                                             [EXXFM] :: procreate; give birth/rise to; beget; engender/produce/generate (offspring);"
"#osculor, osculari, osculatus sum  V (1st) DEP                                                       [XXXDX] :: kiss; exchange kisses;"
"#otior, otiari, otiatus sum  V (1st) DEP                                                             [XXXDX] :: be at leisure, enjoy a holiday;"
"#pabulor, pabulari, pabulatus sum  V (1st) DEP                                                       [XXXDX] :: forage;"
"#palor, palari, palatus sum  V (1st) DEP                                                             [XXXDX] :: wander abroad stray; scatter; wander aimlessly;"
"#palpor, palpari, palpatus sum  V (1st) DEP                                                          [XXXEC] :: stroke; coax, flatter, wheedle;"
"#pandiculor, pandiculari, pandiculatus sum  V (1st) DEP                                              [XXXDS] :: stretch oneself;"
"#patrocinor, patrocinari, patrocinatus sum  V (1st) DEP                                              [XXXEC] :: defend, protect;"
"#perbacchor, perbacchari, perbacchatus sum  V (1st) DEP                                              [XXXEO] :: get through; waste (time) in revelry; carouse/revel throughout (L+S);"
"#percontor, percontari, percontatus sum  V (1st) DEP                                                 [XXXDX] :: inquire;"
"#peregrinor, peregrinari, peregrinatus sum  V (1st) DEP                                              [XXXDX] :: travel about, be an alien, sojourn in strange country, go abroad, wander, roam;"
"#pergraecor, pergraecari, pergraecatus sum  V (1st) DEP                                              [XXXDS] :: enjoy oneself; behave like the Greeks;"
"#periclitor, periclitari, periclitatus sum  V (1st) DEP                                              [XXXDX] :: try, prove, test, make a trial of, put to the test/in peril; risk, endanger;"
"#perplexor, perplexari, perplexatus sum  V (1st) DEP                                                 [XXXEC] :: perplex;"
"#perpopulor, perpopulari, perpopulatus sum  V (1st) DEP                                              [XXXDX] :: ravage, devastate completely;"
"#perscrutor, perscrutari, perscrutatus sum  V (1st) DEP                                              [XXXCO] :: search/look though; search high and low; study/investigate carefully;"
"#persector, persectari, persectatus sum  V (1st) DEP                                                 [XXXDO] :: pursue/follow closely/eagerly; follow up; investigate (question);"
"#perspeculor, perspeculari, perspeculatus sum  V (1st) DEP                                           [XXXDS] :: reconnoiter; examine well;"
"#pervagor, pervagari, pervagatus sum  V (1st) DEP                                                    [XXXDX] :: wander or range through, rove about; pervade, spread widely; extend;"
"#pervenor, pervenari, pervenatus sum  V (1st) DEP                                                    [BXXFS] :: chase through;"
"#phantasior, phantasiari, phantasiatus sum  V (1st) DEP                                              [FXXFF] :: imagine, fancy;"
"#philosophor, philosophari, philosophatus sum  V (1st) DEP                                           [XSXDX] :: philosophize;"
"#pigneror, pignerari, pigneratus sum  V (1st) DEP                                                    [XXXEO] :: appropriate; assert one's claim to; make certain, assure; guarantee, pledge;"
"#pignoror, pignorari, pignoratus sum  V (1st) DEP                                                    [XXXFO] :: appropriate; assert one's claim to; make certain, assure; guarantee, pledge;"
"#pigror, pigrari, pigratus sum  V (1st) DEP                                                          [XXXFO] :: hesitate; hang back;"
"#piscor, piscari, piscatus sum  V (1st) DEP                                                          [XXXDX] :: fish;"
"#pollicitor, pollicitari, pollicitatus sum  V (1st) DEP                                              [XXXDX] :: promise (assiduously);"
"#populor, populari, populatus sum  V (1st) DEP                                                       [XXXBO] :: ravage, devastate, lay waste; plunder; despoil, strip;"
"#praeconor, praeconari, praeconatus sum  V (1st) DEP                                                 [DXXDS] :: herald; proclaim;"
"#praedor, praedari, praedatus sum  V (1st) DEP                                                       [XXXBO] :: acquire loot (by robbery/war/depredation); obtain food by hunting/preying;"
"#praedor, praedari, praedatus sum  V (1st) DEP                                                       [XXXBO] :: |pillage, despoil; plunder, loot; take as prey/catch;"
"#praefor, praefari, praefatus sum  V (1st) DEP                                                       [XXXDX] :: say/utter/mention beforehand/in advance; recite (preliminary formula);"
"#praelior, praeliari, praeliatus sum  V (1st) DEP                                                    [XXXES] :: do battle; (variant of proelior);"
"#praemeditor, praemeditari, praemeditatus sum  V (1st) DEP                                           [XXXDX] :: consider in advance;"
"#praestolor, praestolari, praestolatus sum  V (1st) DEP                                              [XXXDX] :: stand ready for, expect, wait for (w/DAT or ACC);"
"#praevaricor, praevaricari, praevaricatus sum  V (1st) DEP                                           [DXXDS] :: transgress, sin against; violate; be in collusion; be/walk crooked/not upright;"
"#praevaricor, praevaricari, praevaricatus sum  V (1st) DEP                                           [XLXDO] :: |straddle; have secret understanding w/enemy;"
"#precor, precari, precatus sum  V (1st) DEP                                                          [XXXAO] :: beg/implore/entreat; wish/pray for/to; pray, supplicate, beseech;"
"#principor, principari, principatus sum  V (1st) DEP                                                 [DEXDS] :: rule; rule over (w/GEN/DAT) (Souter);"
"#procor, procari, procoratus sum  V (1st) DEP                                                        [XXXDO] :: urge/press (w/commands/suits); woo, importune for one's hand; ask/demand (L+S);"
"#proelior, proeliari, proeliatus sum  V (1st) DEP                                                    [XXXDX] :: fight;"
"#profor, profari, profatus sum  V (1st) DEP                                                          [XXXDX] :: speak out;"
"#prooemior, prooemiari, -  V (1st) DEP                                                               [XXXFO] :: make a prooemium/preface/introduction to a speech;"
"#prospeculor, prospeculari, prospeculatus sum  V (1st) DEP                                           [XXXDX] :: look out, survey the situation; look out/watch for;"
"#protestor, protestari, protestatus sum  V (1st) DEP                                                 [XXXDO] :: testify, testify publicly, bear witness to; protest (L+S); assert (Bee);"
"#quadruplor, quadruplari, quadrupatus sum  V (1st) DEP                                               [XXXEC] :: be informer;"
"#queritor, queritari, -  V (1st) DEP                                                                 [XXXDX] :: complain; make a public outcry, cry out in protest; complain excessively;"
"#quiritor, quiritari, -  V (1st) DEP                                                                 [XXXDX] :: complain; make a public outcry, cry out in protest; complain excessively;"
"#radior, radiari, radiatus sum  V (1st) DEP                                                          [XXXEO] :: beam, shine; radiate light;"
"#ratiocinor, ratiocinari, ratiocinatus sum  V (1st) DEP                                              [XXXEC] :: compute, calculate; argue, infer, conclude;"
"#recordor, recordari, recordatus sum  V (1st) DEP                                                    [XXXBX] :: think over; call to mind, remember;"
"#redicor, redicari, radicatus sum  V (1st) DEP                                                       [XAXEO] :: take root; grow roots;"
"#refragor, refragari, refragatus sum  V (1st) DEP                                                    [XXXCO] :: oppose (candidate/interests); act to disadvantage of; act counter to, mitigate;"
"#reluctor, reluctari, reluctatus sum  V (1st) DEP                                                    [XXXDX] :: resist, struggle against, make opposition;"
"#remoror, remorari, remoratus sum  V (1st) DEP                                                       [XXXDX] :: delay;"
"#remuneror, remunerari, remuneratus sum  V (1st) DEP                                                 [XXXBO] :: reward, repay, recompense, remunerate; requite; pay back, retaliate;"
"#restipulor, restipulari, restipulatus sum  V (1st) DEP                                              [XXXCO] :: demand (from the stipulator) a counter-guarantee; (w/ACC of thing guaranteed);"
"#rimor, rimari, rimatus sum  V (1st) DEP                                                             [XXXDX] :: probe, search; rummage about for, examine, explore;"
"#rixor, rixari, rixatus sum  V (1st) DEP                                                             [XXXDX] :: quarrel violently, brawl, dispute;"
"#ructor, ructari, ructatus sum  V (1st) DEP                                                          [XXXEC] :: belch;"
"#ruminor, ruminari, ruminatus sum  V (1st) DEP                                                       [XXXDX] :: chew over again; chew the cud;"
"#ruror, rurari, ruratus sum  V (1st) DEP                                                             [XAXEC] :: live in the country;"
"#rusticor, rusticari, rusticatus sum  V (1st) DEP                                                    [XAXEC] :: live in the country;"
"#savior, saviari, saviatus sum  V (1st) DEP                                                          [XXXEC] :: kiss;"
"#sciscitor, sciscitari, sciscitatus sum  V (1st) DEP                                                 [XXXDX] :: ask; question; consult;"
"#scitor, scitari, scitatus sum  V (1st) DEP                                                          [XXXDX] :: inquire, ask;"
"#scortor, scortari, -  V (1st) DEP                                                                   [XXXDX] :: consort with harlots/prostitutes; act like a harlot/promiscuously;"
"#scrutinor, scrutinari, scrutinatus sum  V (1st) DEP                                                 [EXXDP] :: investigate; examine closely/strictly; scrutinize;"
"#scrutor, scrutari, scrutatus sum  V (1st) DEP                                                       [XXXAO] :: search/probe/examine carefully/thoroughly; explore/scan/scrutinize/investigate;"
"#scurror, scurrari, scurratus sum  V (1st) DEP                                                       [XXXFO] :: play the ""man about town""; dine off one's jokes;"
"#sector, sectari, sectatus sum  V (1st) DEP                                                          [XXXBX] :: follow continually; pursue; pursue with punishment; hunt out; run after;"
"#sermocinor, sermocinari, sermocinatus sum  V (1st) DEP                                              [XXXEC] :: converse, talk, discuss;"
"#solor, solari, solatus sum  V (1st) DEP                                                             [XXXDX] :: solace, console, comfort; soothe, ease, lighten, relieve, assuage, mitigate;"
"#spatior, spatiari, spatiatus sum  V (1st) DEP                                                       [XXXDS] :: walk; take a walk, promenade; spread;"
"#speculor, speculari, speculatus sum  V (1st) DEP                                                    [XXXDX] :: watch, observe; spy out; examine, explore;"
"#stipulor, stipulari, stipulatus sum  V (1st) DEP                                                    [XLXBO] :: extract solemn promise/guarantee (oral contract); promise in a stipulatio;"
"#stomachor, stomachari, stomachatus sum  V (1st) DEP                                                 [XXXDX] :: be angry, boil with rage;"
"#suffragor, suffragari, suffragatus sum  V (1st) DEP                                                 [XXXDX] :: express public support (for), canvass/vote for; lend support (to), favor;"
"#suppalpor, suppalpari, suppalpatus sum  V (1st) DEP                                                 [XXXFS] :: caress; coax gently;"
"#supparasitor, supparasitari, supparasitatus sum  V (1st) DEP                                        [BXXDS] :: flatter somewhat;"
"#suppetior, suppetiari, suppetiatus sum  V (1st) DEP                                                 [XXXEC] :: help, assist;"
"#suspicor, suspicari, suspicatus sum  V (1st) DEP                                                    [XXXBX] :: mistrust, suspect; suppose;"
"#sycophantor, sycophantari, sycophantatus sum  V (1st) DEP                                           [BXXES] :: cheat;"
"#taedior, taediari, taediatus sum  V (1st) DEP                                                       [EXXEP] :: be sad; be tired/weary/sick (of);"
"#tergiversor, tergiversari, tergiversatus sum  V (1st) DEP                                           [XXXDX] :: turn one's back on a task or challenge; hang back;"
"#testificor, testificari, testificatus sum  V (1st) DEP                                              [XXXDX] :: assert solemnly, testify (to a fact); demonstrate; invoke as a witness;"
"#testor, testari, testatus sum  V (1st) DEP                                                          [XXXBX] :: give as evidence; bear witness; make a will; swear; testify;"
"#tricor, tricari, tricatus sum  V (1st) DEP                                                          [XXXEO] :: behave in evasive manner; trifle/delay/dally; cause trouble; pull/play tricks;"
"#tristor, tristari, tristatus sum  V (1st) DEP                                                       [XXXFS] :: be sad/grieved/downcast/dejected;"
"#tuburcinor, tuburcinari, tuburcinatus sum  V (1st) DEP                                              [BXXFS] :: eat greedily (Plautus);"
"#tumultuor, tumultuari, tumultuatus sum  V (1st) DEP                                                 [XXXBO] :: make a commotion/disturbance/armed rising; scrap, scrimmage; be in confusion;"
"#tuor, tuari, -  V (1st) DEP                                                                         [XXXCS] :: see, look at; protect, watch; uphold; (form of tueor);"
"#tutor, tutari, tutatus sum  V (1st) DEP                                                             [XXXDX] :: guard, protect, defend; guard against, avert;"
"#urinor, urinari, urinatus sum  V (1st) DEP                                                          [XXXDX] :: dive, plunge into water;"
"#usitor, usitari, usitatus sum  V (1st) DEP                                                          [BXXFO] :: make usual/common/habitual use of; use everyday;"
"#vador, vadari, vadatus sum  V (1st) DEP                                                             [XXXDX] :: accept sureties from (the other party) for his appearance in court;"
"#vagor, vagari, vagatus sum  V (1st) DEP                                                             [XXXBX] :: wander, roam;"
"#vaticinor, vaticinari, vaticinatus sum  V (1st) DEP                                                 [XEXCO] :: prophesy; utter inspired predictions/warnings; rave, talk wildly;"
"#velificor, velificari, velificatus sum  V (1st) DEP                                                 [XWXDO] :: sail (ship); operate sails; set/direct course; direct effort towards, work for;"
"#velitor, velitari, velitatus sum  V (1st) DEP                                                       [XXXFS] :: skirmish; fight like light troops (velites);"
"#veneror, venerari, veneratus sum  V (1st) DEP                                                       [XXXBX] :: adore, revere, do homage to, honor, venerate; worship; beg, pray, entreat;"
"#venor, venari, venatus sum  V (1st) DEP                                                             [XXXBX] :: hunt;"
"#verecundor, verecundari, verecundatus sum  V (1st) DEP                                              [XXXDO] :: show modesty/restraint; be shy/diffident (of doing w/inf); feel bashful/ashamed;"
"#versor, versari, versatus sum  V (1st) DEP                                                          [XXXDX] :: move about; live, dwell; be;"
"#viridor, viridari, viridatus sum  V (1st) DEP                                                       [XXXFC] :: become green;"
"#vociferor, vociferari, vociferatus sum  V (1st) DEP                                                 [XXXDX] :: utter a loud cry, shout, yell, cry out, announce loudly;"
