"second_conj_not_dep_presentStem"	"second_conj_not_dep___meaning"
"1"	"abarceo"	"keep away;"
"2"	"aberceo"	"keep away; forbid;"
"3"	"abhibeo"	"hold at a distance;"
"4"	"abhorreo"	"abhor, shrink back; be averse to, shudder at; differ from; be inconsistent;"
"5"	"abnueo"	"refuse, decline; deny (guilt); refuse by a sign, shake head; reject; rule out;"
"6"	"aboleo"	"destroy, efface, obliterate; kill; banish, dispel; put end to. abolish, rescind;"
"7"	"abscondeo"	"hide, conceal, secrete, \"shelter\"; leave behind; bury, engulf, swallow up; keep;"
"8"	"absorbeo"	"devour; swallow up; engulf, submerge; engross; absorb, suck in; import; dry up;"
"9"	"absorbeo"	"devour; overwhelm; swallow up/engulf, submerge; absorb, suck in; import; dry up;"
"10"	"abstergeo"	"wipe off/clean/away, clean away, cleanse, strip off; banish, expel, dispel;"
"11"	"absterreo"	"frighten off/away; drive away; deter, discourage; keep away/withhold from, den;"
"12"	"abstineo"	"withhold, keep away/clear; abstain, fast; refrain (from); avoid; keep hands of;"
"13"	"accenseo"	"attach as an attendant to; add to;"
"14"	"acceo"	"send for, summon (forth), fetch; invite; (w/mortum) commit suicide;"
"15"	"accieo"	"send for, summon (forth), fetch; invite; (w/mortum) commit suicide;"
"16"	"aceo"	"be sour;"
"17"	"acueo"	"accentuate;"
"18"	"adaugeo"	"increase, augment, intensify; supplement, make more; exaggerate, magnify;"
"19"	"addecet"	"it is fitting/proper, it behooves;"
"20"	"addenseo"	"make more dense, close up (the ranks);"
"21"	"addoceo"	"teach new/additional accomplishments;"
"22"	"adfleo"	"weep/cry at; weep as an accompaniment;"
"23"	"adfulgeo"	"shine forth, appear, dawn; shine/smile upon (w/favor), appear favorable;"
"24"	"adgaudeo"	"delight in; be delighted with;"
"25"	"adhaereo"	"adhere, stick, cling/cleave to; hang on; be attached/concerned/involved;"
"26"	"adhereo"	"adhere, stick, cling/cleave to; hang on; be attached/concerned/involved;"
"27"	"adhibeo"	"summon, invite, bring in; consult; put, add; use, employ, apply; hold out to;"
"28"	"adhorreo"	"shudder (in addition);"
"29"	"adimpleo"	"fill up (with); fulfill, carry out (promise/obligation);"
"30"	"adjaceo"	"lie near to, lie beside; be adjacent/contiguous to, neighbor on; live near;"
"31"	"adluceo"	"shine upon; light (torch); show/give (opportunity/chance); give/supply light;"
"32"	"admisceo"	"mix, mix together; involve; add an ingredient to; contaminate; confuse, mix up;"
"33"	"admisceo"	"mix, mix together; involve; add an ingredient to; contaminate; confuse, mix up;"
"34"	"admoneo"	"admonish, remind, prompt; suggest, advise, raise; persuade, urge; warn, caution;"
"35"	"admordeo"	"bite at/into, gnaw; extract money from; fleece; get possession of their property"
"36"	"admoveo"	"move up, bring up/near; lean on, conduct; draw near, approach; apply, add;"
"37"	"adoleo"	"emit/give out a smell/odor;"
"38"	"adoleo"	"worship, make/burn sacrifice/offerings; cremate; destroy/treat by fire/heat;"
"39"	"adpareo"	"appear; be evident/visible/noticed/found; show up, occur; serve (w/DAT);"
"40"	"adparet"	"it is apparent/evident/clear/certain/visible/noticeable/found; it appears;"
"41"	"adpendeo"	"to be pending;"
"42"	"adpertineo"	"belong to, appertain to; (w/DAT or ad);"
"43"	"adrideo"	"smile at/upon; please, be pleasing/satisfactory (to); be/seem familiar (to);"
"44"	"adsideo"	"sit by/in council/as assessor; watch over; camp near, besiege; resemble (w/DAT);"
"45"	"adsoleo"	"be accustomed/in the habit of; be customary accompaniment, go with; be usual;"
"46"	"adsolet"	"it is usual/wont; it is the custom/practice; it is the habit;"
"47"	"adstrideo"	"hiss (at);"
"48"	"adstupeo"	"be stunned/astounded/astonished/amazed (at); be enthralled (by) (w/DAT);"
"49"	"adtineo"	"hold on/to/near/back/together/fast; restrain, keep (in custody), retain; delay;"
"50"	"adtondeo"	"clip (hair close), shear; strip of money, fleece; thrash; prune, trim, crop;"
"51"	"adtorqueo"	"whirl at; hurl upwards;"
"52"	"adurgeo"	"pursue; press hard, pursue closely;"
"53"	"aegreo"	"be sick/ill;"
"54"	"aequivaleo"	"have equal power, be equivalent;"
"55"	"affleo"	"weep/cry at; weep as an accompaniment;"
"56"	"affulgeo"	"shine forth, appear, dawn; shine/smile upon (w/favor), appear favorable;"
"57"	"aggaudeo"	"delight in; be delighted with;"
"58"	"albeo"	"be/appear white/pale/light-colored/white with age;"
"59"	"algeo"	"be/feel/become cold/chilly/cool; endure cold; be neglected/left in the cold;"
"60"	"alluceo"	"shine upon; light (torch); show/give (opportunity/chance); give/supply light;"
"61"	"ammisceo"	"mix, mix together; involve; add an ingredient to; contaminate; confuse, mix up;"
"62"	"ammoneo"	"admonish, remind, prompt; suggest, advise, raise; persuade, urge; warn, caution;"
"63"	"ammordeo"	"bite at/into, gnaw; extract money from; fleece; get possession of his property;"
"64"	"ammoveo"	"move up, bring up/near; lean on, conduct; draw near, approach; apply, add;"
"65"	"amoveo"	"move/take/put away, remove, steal; banish, cause to go away; withdraw, retire;"
"66"	"antehabeo"	"have previously; prefer;"
"67"	"antepolleo"	"be stronger/more powerful than; surpass physically, excel;"
"68"	"appareo"	"appear; be evident/visible/noticed/found; show up, occur; serve (w/DAT);"
"69"	"apparet"	"it is apparent/evident/clear/certain/visible/noticeable/found; it appears;"
"70"	"appendeo"	"to be pending;"
"71"	"appertineo"	"belong to, appertain to; (w/DAT or ad);"
"72"	"apsorbeo"	"devour; swallow up; engulf, submerge; engross; absorb, suck in; import; dry up;"
"73"	"apsorbeo"	"devour; swallow up; engulf, submerge; engross; absorb, suck in; import; dry up;"
"74"	"apstergeo"	"wipe off/clean/away, clean away, cleanse, strip off; banish, expel, dispel;"
"75"	"apsterreo"	"frighten off/away; drive away; deter, discourage; keep away/withhold from, den;"
"76"	"apstineo"	"withhold, keep away/clear; abstain, fast; refrain (from); avoid; keep hands of;"
"77"	"arceo"	"ward/keep off/away; keep close, confine; prevent, hinder; protect; separate;"
"78"	"ardeo"	"be on fire; burn, blaze; flash; glow, sparkle; rage; be in a turmoil/love;"
"79"	"areo"	"be dry/parched; be thirsty; be withered (plants/animals, from lack of water);"
"80"	"arrideo"	"smile at/upon; please, be pleasing/satisfactory (to); be/seem familiar (to);"
"81"	"assideo"	"sit by/in council/as assessor; watch over; camp near, besiege; resemble (w/DAT);"
"82"	"assoleo"	"be accustomed/in the habit of; be customary accompaniment, go with; be usual;"
"83"	"assolet"	"it is usual/wont; it is the custom/practice; it is the habit;"
"84"	"astrideo"	"hiss (at);"
"85"	"astupeo"	"be stunned/astounded/astonished/amazed (at); be enthralled (by) (w/DAT);"
"86"	"attineo"	"hold on/to/near/back/together/fast; restrain, keep (in custody), retain; delay;"
"87"	"attondeo"	"clip (hair close), shear; strip of money, fleece; thrash; prune, trim, crop;"
"88"	"attorqueo"	"whirl at; hurl upwards;"
"89"	"attorreo"	"bake, roast;"
"90"	"auceo"	"observe attentively;"
"91"	"audeo"	"intend, be prepared; dare/have courage (to go/do), act boldly, venture, risk;"
"92"	"augeo"	"increase, enlarge, augment; spread; honor, promote, raise; exalt; make a lot of;"
"93"	"aveo"	"hail; fare/be well; (IMP/INF; greeting/leaving);[ ~ jubeo => I send greetings];"
"94"	"aveo"	"|be eager or anxious; desire, wish for, long after, crave;"
"95"	"beneplaceo"	"please; be pleasing to;"
"96"	"caleo"	"be/feel/be kept warm; be hot with passion/inflamed/active/driven hotly/urged;"
"97"	"calleo"	"be calloused/hardened; grow hard; be experienced/skilled, understand; know how;"
"98"	"calveo"	"be bald/hairless;"
"99"	"candeo"	"be of brilliant whiteness, shine, gleam (white); become/be hot; glow, sparkle;"
"100"	"caneo"	"be/become covered in white; be hoary, be white/gray (with age);"
"101"	"careo"	"be without/absent from/devoid of/free from; miss; abstain from, lack, lose;"
"102"	"caveo"	"beware, avoid, take precautions/defensive action; give/get surety; stipulate;"
"103"	"censeo"	"think/suppose, judge; recommend; decree, vote, determine; count/reckon; assess;"
"104"	"censeo"	"think/suppose, judge; recommend; decree, vote, determine; count/reckon; assess;"
"105"	"ceveo"	"move haunches in a lewd or effeminate manner, practice such behavior; fawn;"
"106"	"cieo"	"move, set in motion; excite/rouse/stir up; urge on; summon/muster/call up;"
"107"	"cieo"	"|disturb, shake; provoke (war); invoke, call on by name; cite; raise/produce;"
"108"	"circumdoleo"	"suffer on every side;"
"109"	"circumfulgeo"	"shine/glow round about;"
"110"	"circumjaceo"	"lie near/around; (places/persons/objects); border upon (L+S);"
"111"	"circumjaceo"	"lie near/round about, border on; (of persons, places, objects);"
"112"	"circumluceo"	"shine round, illuminate;"
"113"	"circummulceo"	"lick round, caress (with tongue);"
"114"	"circumpendeo"	"hang around, be suspended all around;"
"115"	"circumsedeo"	"besiege/invest/blockade; surround, mob (person), beset; sit/live/settle round;"
"116"	"circumsideo"	"besiege/invest/blockade; surround, mob (person), beset; sit/live/settle round;"
"117"	"circumstupeo"	"hang sluggishly round; look around with amazement, stand around amazed (L+S);"
"118"	"circumteneo"	"posses; keep/hold around;"
"119"	"circumtergeo"	"wipe/rub round about/all around;"
"120"	"circumtondeo"	"cut/shear/clip all around (hair);"
"121"	"circumtorqueo"	"pull/twist/turn/wind/bend/spin round;"
"122"	"clareo"	"shine bright/clearly; be clear/plain/understandable/obvious; be famous/renowned;"
"123"	"claudeo"	"limp, stumble/falter/hesitate; be weak/imperfect, fall short; be lame, hobble;"
"124"	"clueo"	"be called, be named, be reputed/spoken of/said to be; be reckoned as existing;"
"125"	"coerceo"	"enclose, confine; restrain, check, curb, repress; limit; preserve; punish;"
"126"	"cohaereo"	"stick/cling/hold/grow together, adhere; embrace; touch, adjoin, be in contact;"
"127"	"cohaereo"	"|be consistent/coherent; be connected/bound/joined/tied together; be in harmony;"
"128"	"coherceo"	"enclose, confine; restrain, check, curb, repress; limit; preserve; punish;"
"129"	"cohereo"	"stick/cling/hold/grow together, adhere; embrace; touch, adjoin, be in contact;"
"130"	"cohereo"	"|be consistent/coherent; be connected/bound/joined/tied together; be in harmony;"
"131"	"cohibeo"	"hold together, contain; hold back, restrain, curb, hinder; confine; repress;"
"132"	"coincideo"	"coincide;"
"133"	"colluceo"	"shine brightly, light up (with fire); reflect light, shine, be lit up; glitter;"
"134"	"collugeo"	"lament; grieve together;"
"135"	"commadeo"	"become tender or sodden; become very soft (L+S);"
"136"	"commaneo"	"remain somewhere constantly;"
"137"	"commarceo"	"wither; become wholly faint/inactive;"
"138"	"commereo"	"merit fully, deserve, incur, earn (punishment/reward); be guilty of, perpetuate;"
"139"	"commisceo"	"intermingle, mix together/up, combine (ingredients); unite/join sexually;"
"140"	"commisceo"	"|mingle (with another race); transact business (w/cum), discuss; confuse;"
"141"	"commiseret"	"one pities/feels sorry for (w/ACC or GEN);"
"142"	"commoneo"	"remind (forcibly), warn; bring to recollection (L+S); impress upon one;"
"143"	"commordeo"	"bite/snap at; (literally/figuratively); (sharply/eagerly L+S);"
"144"	"commoveo"	"shake/stir up, agitate; displace, disturb, trouble/worry, upset; jolt; excite;"
"145"	"commoveo"	"|waken; provoke; move (money/camp); produce; cause, start (war); raise (point);"
"146"	"commulceo"	"caress, coax; soothe, please (much); cajole;"
"147"	"compareo"	"appear/come in sight; be visible/present/in evidence/clearly stated/forthcoming;"
"148"	"complaceo"	"please, take fancy of, capture affections of, be acceptable/agreed to;"
"149"	"compleo"	"fill (up/in); be big enough to fill; occupy space, crowd; furnish/supply/man;"
"150"	"compleo"	"|finish, complete, perfect; make pregnant; fulfill, make up, complete, satisfy;"
"151"	"concaleo"	"be/become warm; (thoroughly);"
"152"	"concubeo"	"lie with (sexual and not); have sexual intercourse with;"
"153"	"condeceo"	"be fitting/proper for, suit;"
"154"	"condecet"	"it is fitting/becoming/seemly/meet; (w/ACC + INF);"
"155"	"condenseo"	"compress; pack/press closely together; condense/make firm; (PASS) grow thickly;"
"156"	"condoceo"	"teach, instruct; train, exercise (L+S);"
"157"	"condoleo"	"feel severe pain; suffer greatly/with another; feel another's pain; empathize;"
"158"	"confideo"	"rely on, trust (to); believe, be confident/assured/sure; (Vulgate 4 Ezra 7:98);"
"159"	"confloreo"	"bloom/flourish together;"
"160"	"confoveo"	"care for, tend; warm (L+S); foster; cherish assiduously;"
"161"	"confulgeo"	"shine, gleam; be resplendent; shine brightly, glitter, glisten (L+S);"
"162"	"congaudeo"	"rejoice with one/together;"
"163"	"coniveo"	"close/screw up the eyes, blink; wink at, overlook, turn a blind eye, connive;"
"164"	"coniveo"	"|be tightly closed (eyes); (other things); be inactive/eclipsed; lie dormant;"
"165"	"conjaceo"	"lie together;"
"166"	"conjubeo"	"command together;"
"167"	"conluceo"	"shine brightly, light up (with fire); reflect light, shine, be lit up; glitter;"
"168"	"conlugeo"	"lament; grieve together;"
"169"	"conmereo"	"merit fully, deserve, incur, earn (punishment/reward); be guilty of, perpetuate;"
"170"	"conmoneo"	"remind (forcibly), warn; bring to recollection (L+S); impress upon one;"
"171"	"conmoveo"	"shake/stir up, agitate; displace, disturb, trouble/worry, upset; jolt; excite;"
"172"	"conmoveo"	"|waken; provoke; move (money/camp); produce; cause, start (war); raise (point);"
"173"	"conniveo"	"close/screw up the eyes, blink; wink at, overlook, turn a blind eye, connive;"
"174"	"conniveo"	"|be tightly closed (eyes); (other things); be inactive/eclipsed; lie dormant;"
"175"	"conpareo"	"appear/come in sight; be visible/present/in evidence/clearly stated/forthcoming;"
"176"	"conplaceo"	"please, take the fancy of, capture the affections of, be acceptable/agreed to;"
"177"	"conpleo"	"fill (up/in); be big enough to fill; occupy space, crowd; furnish/supply/man;"
"178"	"conpleo"	"|finish, complete, perfect; make pregnant; fulfill, make up, complete, satisfy;"
"179"	"conrideo"	"laugh together; laugh out loud (L+S);"
"180"	"conspondeo"	"exchange pledges; engage/promise mutually (L+S);"
"181"	"constupeo"	"be very much astonished;"
"182"	"consuadeo"	"advocate, recommend/advise strongly; try to persuade (w/DAT);"
"183"	"consueo"	"accustom; become accustomed; be accustomed, inure, habituate. familiarize;"
"184"	"contereo"	"frighten thoroughly; fill with terror; suppress/intimidate by terrorizing;"
"185"	"conterreo"	"frighten thoroughly; fill with terror; suppress/intimidate by terrorizing;"
"186"	"conticeo"	"be silent; keep quiet/still;"
"187"	"contineo"	"secure, maintain, sustain; fasten/hold in position; retain, keep safe, preserve;"
"188"	"contineo"	"|hinder, contain/shut in/confine; stay; restrain/hold back; comprise/form basis;"
"189"	"contineo"	"||keep/hold/hang together/fast; surround, enclose, contain, limit; concentrate;"
"190"	"contorqueo"	"stir up/agitate, make rough (sea); utter with vigor; turn about/sway (emotions);"
"191"	"contorqueo"	"|twist, make twisted/crooked; twirl/whirl, rotate/move in arc; brandish; fling;"
"192"	"contorreo"	"dry up entirely; parch, scorch;"
"193"	"convoveo"	"join in taking a vow/oath; devour together (L+S)?;"
"194"	"correspondeo"	"correspond; harmonize; repay; reciprocate; respond to; answer strongly;"
"195"	"corrideo"	"laugh together; laugh out loud (L+S);"
"196"	"debeo"	"owe; be indebted/responsible for/obliged/bound/destined; ought, must, should;"
"197"	"decet"	"it is fitting/right/seemly/suitable/proper; it ought; become/adorn/grace;"
"198"	"dedoceo"	"cause (person) to unlearn/discard previous teaching; reeducate; teach opposite;"
"199"	"dedoleo"	"cease to grieve; put an end to one's sorrows;"
"200"	"deferveo"	"go through or cease a process of heating/fermentation; rage furiously;"
"201"	"deferveo"	"|boil thoroughly; ferment completely (wine); effervesce (lime); subside;"
"202"	"defleo"	"cry bitterly; give oneself up to tears; weep much/violently/to exhaustion (L+S);"
"203"	"defleo"	"weep (abundantly) for; mourn loss of; express/feel sorrow about; lament/bewail;"
"204"	"defloreo"	"drop/shed blossoms/petals (before bearing fruit);"
"205"	"dehabeo"	"lack, not to have;"
"206"	"dehibeo"	"owe; be indebted/responsible for/obliged/bound/destined; ought, must, should;"
"207"	"deleo"	"erase, wipe/scratch/remove (letters/marks), wipe/blot out, expunge, delete;"
"208"	"deleo"	"|annihilate/exterminate, kill every member of a group; put end to, end/abolish;"
"209"	"deleo"	"|destroy completely, demolish/obliterate/crush; ruin; overthrow; nullify/annul;"
"210"	"demereo"	"oblige, please, win the favor of; earn, merit, deserve (well of);"
"211"	"demordeo"	"bite off;"
"212"	"demoveo"	"move away, put away; turn away (eyes); divert (from idea/mood); force to yield;"
"213"	"demoveo"	"|dislodge; turn aside; remove/get rid of; depose/oust; banish; dissociate;"
"214"	"demulceo"	"stroke, stroke down, rub/stroke caressingly/soothingly; soothe/entrance/charm;"
"215"	"denseo"	"thicken/condense, press/crowd together; multiply; cause to come thick and fast;"
"216"	"dependeo"	"hang on/from/down (from); depend; depend upon/on; proceed/be derived from;"
"217"	"depleo"	"drain/draw off, empty out; bleed/let (blood); relieve (of); exhaust; subtract;"
"218"	"derideo"	"mock/deride/laugh at/make fun of; be able to laugh, escape, get off scot free;"
"219"	"derigeo"	"soften, remove hardness;"
"220"	"desideo"	"sit; settle down; remain seated/sitting; loiter/hang about, be idle/slothful;"
"221"	"desideo"	"|settle (sediment); defecate; deteriorate, degenerate; remain inactive (L+S);"
"222"	"desorbeo"	"swallow down;"
"223"	"despondeo"	"betroth, promise (woman) in marriage; pledge, promise; despair/yield/give up;"
"224"	"despondeo"	"betroth, promise (woman) in marriage; pledge, promise; despair/yield/give up;"
"225"	"despondeo"	"betroth, promise (woman) in marriage; pledge, promise; despair/yield/give up;"
"226"	"detergeo"	"wipe/clean off/away; strip/trim/sheer/break/sweep off, rub/wipe clean; cancel;"
"227"	"detergeo"	"|remove, take away; break to pieces; have swept off;"
"228"	"deterreo"	"deter; frighten away; discourage (from), put/keep off, avert; frighten/terrify;"
"229"	"detineo"	"detain, hold; hold off, keep away (from); hold prisoner; retain; occupy;"
"230"	"detineo"	"|hold/keep back (from use); keep, cause to remain; reserve; delay end, protract;"
"231"	"detondeo"	"clip/shear, crop/prune; shear (wool)/strip (leaf); cut off/short; lay waste;"
"232"	"detondeo"	"clip/shear, crop/prune; shear (wool)/strip (leaf); cut off/short; lay waste;"
"233"	"detorqueo"	"turn/twist/bend/pull away/aside; deflect; deviate (path); divert; sway;"
"234"	"detorqueo"	"|distort, bend out of shape; pervert, misrepresent, twist sense of, alter form;"
"235"	"detorreo"	"scorch, burn;"
"236"	"devigeo"	"lose the power (to);"
"237"	"devoveo"	"devote, consecrate; vow, promise solemnly; mark out, appoint; curse, execrate;"
"238"	"devoveo"	"|dedicate to infernal gods (general/army); destine, doom; bewitch, enchant;"
"239"	"diffleo"	"cry/weep away (one's eyes);"
"240"	"diluceo"	"be clear; be evident; be light enough to distinguish objects (L+S);"
"241"	"dimoveo"	"put/set aside, dismiss, divert; displace/remove; exercise, move about;"
"242"	"dimoveo"	"|separate/divide; cleave; make a parting in/between;, part; disperse;"
"243"	"diribeo"	"sort/separate voting tablets/ballots from ballot-box; distribute, dispense;"
"244"	"discaveo"	"beware of; be on one's guard against; keep away from;"
"245"	"dispareo"	"disappear, vanish, vanish out of sight;"
"246"	"displiceo"	"displease;"
"247"	"displodeo"	"explode;"
"248"	"dissideo"	"disagree, be at variance; be separated;"
"249"	"dissuadeo"	"dissuade, advise against;"
"250"	"distineo"	"keep apart, separate; prevent, hold up; distract;"
"251"	"distorqueo"	"twist this way and that;"
"252"	"divergeo"	"diverge;"
"253"	"doceo"	"teach, show, point out;"
"254"	"doleo"	"hurt; feel/suffer pain; grieve; be afflicted/pained/sorry; cause pain/grief;"
"255"	"edoceo"	"teach or inform thoroughly;"
"256"	"effulgeo"	"shine forth, glitter; be or become conspicuous;"
"257"	"egeo"	"need (w/GEN/ABL), lack, want; require, be without;"
"258"	"eluceo"	"shine forth; show itself; be manifest;"
"259"	"emaneo"	"stay away (from); stay out/beyond; absent oneself;"
"260"	"emarceo"	"decay, wither;"
"261"	"emereo"	"earn, obtain by service, merit, deserve; emerge; complete/serve out one's time;"
"262"	"emineo"	"stand out; be prominent/preeminent, excel; project;"
"263"	"emoneo"	"exhort; admonish earnestly; warn (Ecc);"
"264"	"emoveo"	"move away, remove, dislodge;"
"265"	"eniteo"	"shine forth/out; be outstanding/conspicuous;"
"266"	"excieo"	"rouse; call out send for; summon; evoke;"
"267"	"exerceo"	"exercise, train, drill, practice; enforce, administer; cultivate;"
"268"	"exhibeo"	"present; furnish; exhibit; produce;"
"269"	"exhorreo"	"shudder; be terrified;"
"270"	"expleo"	"fill out; fill, fill up, complete, finish; satisfy, satiate;"
"271"	"explodeo"	"explode;"
"272"	"extergeo"	"wipe; wipe dry; wipe away;"
"273"	"exterreo"	"strike with terror, scare;"
"274"	"extorqueo"	"extort; tear away, twist away; twist/wrench out;"
"275"	"exurgeo"	"squeeze out;"
"276"	"faeteo"	"stink; have a bad/offensive smell/odor;"
"277"	"faveo"	"favor (w/DAT), befriend, support, back up;"
"278"	"ferveo"	"be (very) hot; boil/burn; seethe/surge; swarm; be turbulent/run strongly; froth;"
"279"	"ferveo"	"|be warm/aroused/inflamed/feverish, reek (w/blood); be active/busy/agitated;"
"280"	"feteo"	"stink; have a bad/offensive smell/odor;"
"281"	"fideiubeo"	"become surety; go bail; guarantee;"
"282"	"flacceo"	"be flabby; fail. flag;"
"283"	"flaveo"	"be yellow or gold-colored;"
"284"	"fleo"	"cry for; cry, weep;"
"285"	"floreo"	"flourish, blossom, be prosperous; be in one's prime;"
"286"	"foeteo"	"stink; have a bad/offensive smell/odor;"
"287"	"foveo"	"keep warm; favor, cherish, maintain, foster;"
"288"	"frendeo"	"gnash the teeth, grind up small;"
"289"	"frigeo"	"be cold; lack vigor; get cold reception; fail to win favor; fall flat (words);"
"290"	"frondeo"	"have/put forth leaves, be in leaf; be leafy/full of trees (place); (in spirit);"
"291"	"fulgeo"	"flash, shine; glow, gleam, glitter, shine forth, be bright;"
"292"	"fulgueo"	"glitter/flash/shine brightly, gleam; be brilliant/bright/resplendent; light up;"
"293"	"gaudeo"	"be glad, rejoice;"
"294"	"glubeo"	"shed its bark; (of a tree);"
"295"	"habeo"	"have, hold, consider, think, reason; manage, keep; spend/pass (time);"
"296"	"haereo"	"stick, adhere, cling to; hesitate; be in difficulties (sticky situation?);"
"297"	"haveo"	"hail!; (only IMP/INF); greeting/leaving; [have/ave => hail, farewell];"
"298"	"haveo"	"|be eager/anxious (w/INF); desire, wish for, long after, crave;"
"299"	"hebeo"	"be blunt; be sluggish/inactive; grow dim/faint, die down; (of feelings);"
"300"	"hereo"	"stick, adhere, cling to; hesitate; be in difficulties (sticky situation?);"
"301"	"horreo"	"dread, shrink from, shudder at; stand on end, bristle; have rough appearance;"
"302"	"illuceo"	"illuminate, shine on;"
"303"	"immineo"	"threaten, be a threat (to); overhang, be imminent; with DAT;"
"304"	"immisceo"	"mix in, mingle; confuse;"
"305"	"impendeo"	"overhang, hang over; threaten; be imminent, impend; (w/DAT);"
"306"	"impleo"	"fill up; satisfy, fulfill; fill, finish, complete; spend (time);"
"307"	"imprimeo"	"print (a book);"
"308"	"indigeo"	"need, lack, require (w/GEN or ABL);"
"309"	"indulgeo"	"indulge; be indulgent/lenient/kind; grant/bestow; gratify oneself; give in to;"
"310"	"infulgeo"	"shine in; lighten;"
"311"	"inhaereo"	"stick/hold fast/to, cling, adhere, fasten on; haunt, dwell in; get teeth in;"
"312"	"inhibeo"	"restrain, curb; prevent;"
"313"	"inhorreo"	"stand on end; bristle up; shiver all over;"
"314"	"inluceo"	"illuminate, shine on;"
"315"	"inrideo"	"laugh at, ridicule;"
"316"	"insideo"	"sit (at/on); sit (on) a horse; be seated; (things) rest/lie upon; lie heavy;"
"317"	"insideo"	"|be situated in/on; inhabit (area); lie in ambush (in); be troublesome (to);"
"318"	"insideo"	"||be fixed/stamped in; adhere to; grip; take possession of; hold/occupy;"
"319"	"intepeo"	"be lukewarm;"
"320"	"interjaceo"	"lie between;"
"321"	"interluceo"	"shine forth;"
"322"	"intermisceo"	"intermingle, mix, mix among, mingle;"
"323"	"interniteo"	"shine forth; shine among;"
"324"	"intorqueo"	"twist or turn round, sprain; hurl or launch a missile at;"
"325"	"invideo"	"envy, regard with envy/ill will; be jealous of; begrudge, refuse;"
"326"	"irrideo"	"ridicule, mock, make fun of; laugh at;"
"327"	"jaceo"	"lie; lie down; lie ill/in ruins/prostrate/dead; sleep; be situated;"
"328"	"jubeo"	"order/tell/command/direct; enjoin/command; decree/enact; request/ask/bid; pray;"
"329"	"langueo"	"be tired; be listless/sluggish/unwell/ill; wilt, lack vigor;"
"330"	"lateo"	"lie hidden, lurk; live a retired life, escape notice;"
"331"	"libet"	"it pleases, is pleasing/agreeable; (w/qui whatever, whichever, no matter);"
"332"	"liceo"	"fetch (price); (with ABL or GEN);"
"333"	"licet"	"it is permitted, one may; it is all right, lawful, allowed, permitted;"
"334"	"lineo"	"smear, plaster (with); seal (wine jar); erase/rub over; befoul; cover/overlay;"
"335"	"liqueo"	"be in molten/liquid state; be clear to a person; be evident;"
"336"	"liqueo"	"be in molten/liquid state; be clear to a person; be evident;"
"337"	"liquet"	"it is proven, guilt is established; [non ~ => not proven as a verdict/N.L.];"
"338"	"liveo"	"be livid or discolored; be envious;"
"339"	"lubet"	"it pleases/is pleasing/agreeable; please/want/feel like; [w/qui => no matter];"
"340"	"luceo"	"shine, emit light (heavenly body); dawn; cause to shine;  be clear/evident;"
"341"	"luceo"	"|sparkle/glitter/shine w/reflected light; be conspicuous in merit, excel;"
"342"	"luceo"	"||be bright/resplendent; be visible, show up; [lucet => it is (becoming) light];"
"343"	"lugeo"	"mourn, grieve (over); bewail, lament; be in mourning;"
"344"	"madeo"	"be wet (w/tears/perspiration), be dripping/sodden;"
"345"	"maereo"	"grieve, be sad, mourn; bewail/mourn for/lament; utter mournfully;"
"346"	"maneo"	"remain, stay, abide; wait for; continue, endure, last; spend the night (sexual);"
"347"	"marceo"	"be enfeebled, weak or faint;"
"348"	"mereo"	"earn; deserve/merit/have right; win/gain/incur; earn soldier/whore pay, serve;"
"349"	"mineo"	"project, overhang;"
"350"	"misceo"	"mix, mingle; embroil; confound; stir up;"
"351"	"misereo"	"pity, feel pity; show/have mercy/compassion/pity for (w/GEN);"
"352"	"misereo"	"pity, feel pity; show/have mercy/compassion/pity for (w/GEN);"
"353"	"miseret"	"it distresses/grieves me; I am moved to pity, I feel sorry for (w/me + GEN);"
"354"	"moereo"	"grieve, be sad, mourn; bewail/mourn for/lament; utter mournfully;"
"355"	"moneo"	"remind, advise, warn; teach; admonish; foretell, presage;"
"356"	"mordeo"	"bite; sting; hurt, pain; vex; criticize, carp at; eat, consume; bite/cut into;"
"357"	"moveo"	"move, stir, agitate, affect, provoke, disturb;  [movere se => dance];"
"358"	"mulceo"	"stroke, touch lightly, fondle, soothe, appease, charm, flatter, delight;"
"359"	"mulgeo"	"milk (an animal); extract (milk);"
"360"	"mulgeo"	"milk (an animal); extract (milk);"
"361"	"neo"	"spin; weave; produce by spinning;"
"362"	"nigreo"	"grow dark; darken;"
"363"	"niteo"	"shine, glitter, look bright; be sleek/in good condition; bloom, thrive;"
"364"	"noceo"	"harm, hurt; injure (with DAT);"
"365"	"noteo"	"notify;"
"366"	"objaceo"	"lie near by/at hand/opposite; lie in/block the way; lie exposed/at the mercy o;"
"367"	"oboleo"	"stink, smell of; present an odor, give forth a smell, betray oneself w/smell;"
"368"	"obsideo"	"blockade, besiege, invest, beset; take possession of;"
"369"	"obsorbeo"	"swallow; gulp down;"
"370"	"obticeo"	"be silent;"
"371"	"obtineo"	"get hold of; maintain; obtain; hold fast, occupy; prevail;"
"372"	"obtorqueo"	"bend back; twist or turn;"
"373"	"offulgeo"	"shine forth in the path of, appear; shine on;"
"374"	"oleo"	"smell of, smell like;"
"375"	"oporteo"	"require (to be done), order;"
"376"	"oportet"	"it is right/proper/necessary; it is becoming; it behooves; ought;"
"377"	"oppleo"	"fill (completely); overspread;"
"378"	"optineo"	"get hold of; maintain; obtain; hold fast, occupy; prevail;"
"379"	"ostendeo"	"show; reveal; make clear, point out, display, exhibit;"
"380"	"paeniteo"	"displease; (cause to) regret; repent, be sorry; [me paenitet => I am sorry];"
"381"	"paenitet"	"it displeases, makes angry, offends, dissatisfies, makes sorry;"
"382"	"palleo"	"be/look pale; fade; become pale at;"
"383"	"pareo"	"obey, be subject/obedient to; submit/yield/comply; pay attention; attend to;"
"384"	"pareo"	"|appear, be visible, be seen; be clear/evident (legal);"
"385"	"pateo"	"stand open, be open; extend; be well known; lie open, be accessible;"
"386"	"paveo"	"be frightened or terrified at;"
"387"	"peioresceo"	"get worse;"
"388"	"pelluceeo"	"transmit/admit/emit light; be transparent; shine through/out; be apparent;"
"389"	"pendeo"	"hang, hang down; depend; [~ ab ore => hang upon the lips, listen attentively];"
"390"	"peniteo"	"displease; (cause to) regret; repent, be sorry; [me paenitet => I am sorry];"
"391"	"peniteo"	"|do penance;"
"392"	"penitet"	"it displeases, makes angry, offends, dissatisfies, makes sorry;"
"393"	"percenseo"	"enumerate, recite from start to finish; inspect/examine/go over thoroughly;"
"394"	"percenseo"	"|run one's mind over, review; survey, make complete/methodical assessment of;"
"395"	"percieo"	"excite; set in motion;"
"396"	"perdoceo"	"instruct thoroughly;"
"397"	"perdoleo"	"vex, bother, cause grief/annoyance; grieve, be annoyed;"
"398"	"pergaudeo"	"rejoice greatly;"
"399"	"perhibeo"	"present, give, bestow; regard, hold; name;"
"400"	"perhorreo"	"tremble at;"
"401"	"perlateo"	"lie well hidden;"
"402"	"perlibet"	"it is very pleasing/agreeable; please very much;"
"403"	"perluceo"	"transmit/admit/emit light; be transparent; shine through/out; be apparent;"
"404"	"permaneo"	"last, continue; remain; endure;"
"405"	"permisceo"	"mix or mingle together; confound; embroil; disturb thoroughly;"
"406"	"permoveo"	"stir up; move deeply; influence; agitate;"
"407"	"permulceo"	"rub gently, stroke, touch gently; charm, please, beguile; soothe, alleviate;"
"408"	"peroleo"	"emit strong odor;"
"409"	"persedeo"	"remain sitting; stay seated;"
"410"	"persuadeo"	"persuade, convince (with dat.);"
"411"	"pertaedet"	"it wearies; it disgusts; it bores;"
"412"	"perterreo"	"frighten greatly, terrify;"
"413"	"pertineo"	"reach; extend; relate to; concerns, pertain to;"
"414"	"pertorqueo"	"distort;"
"415"	"perurgueo"	"press hard on; oppress; take pains; (=perurgeo);"
"416"	"pervideo"	"take in with the eyes or mind;"
"417"	"pervigeo"	"continue to bloom;"
"418"	"piget"	"it disgusts, irks, pains, chagrins, afflicts, grieves;"
"419"	"placeo"	"please, satisfy, give pleasure to (with dat.);"
"420"	"placet"	"it is pleasing/satisfying, gives pleasure; is believed/settled/agreed/decided;"
"421"	"plaudeo"	"clap, strike (w/flat hand), pat; beat (wings); applaud; express (dis)approval;"
"422"	"poeniteo"	"displease; (cause to) regret; repent, be sorry; [me paenitet => I am sorry];"
"423"	"poenitet"	"it displeases, makes angry, offends, dissatisfies, makes sorry;"
"424"	"polleo"	"exert power or influence; be strong;"
"425"	"polluceo"	"offer, serve up;"
"426"	"pollueo"	"pollute;"
"427"	"porceo"	"keep off; (archaic);"
"428"	"possideo"	"seize, hold, be master of; possess, take/hold possession of, occupy; inherit;"
"429"	"posthabeo"	"esteem less, subordinate (to); postpone;"
"430"	"praebeo"	"present/show/put forward; offer; expose physically oneself; expose/submit/allow;"
"431"	"praebeo"	"|make available, supply, provide; be the cause, occasion, produce; render;"
"432"	"praecaveo"	"guard (against), beware;"
"433"	"praedisponeo"	"plan;"
"434"	"praefulgeo"	"shine with outstanding brightness, bean/shine forth; be outstanding, outshine;"
"435"	"praejaceo"	"lie before;"
"436"	"praeluceo"	"shine forth, outshine; light the way (for);"
"437"	"praemineo"	"excel; be prominent; (prae-emineo);"
"438"	"praemoneo"	"forewarn;"
"439"	"praemordeo"	"bite off; pilfer;"
"440"	"praemoveo"	"pre-move; move beforehand; stir greatly;"
"441"	"praeniteo"	"shine forth;"
"442"	"praependeo"	"hang down in front;"
"443"	"praepolleo"	"be very powerful; be very strong;"
"444"	"praesideo"	"keep/watch/stand//guard (over); preside (over); supervise/govern/control;"
"445"	"praesupponeo"	"presuppose;"
"446"	"praetepeo"	"glow before;"
"447"	"praetimeo"	"fear in advance;"
"448"	"praetorqueo"	"twist round;"
"449"	"praevaleo"	"prevail; have superior power/force/weight/influence/worth/efficacy (medicine);"
"450"	"praevideo"	"foresee, see in advance;"
"451"	"prandeo"	"eat one's morning or midday meal;"
"452"	"prebeo"	"present/show/put forward; offer; expose physically oneself; expose/submit/allow;"
"453"	"prebeo"	"|make available, supply, provide; be the cause, occasion, produce; render;"
"454"	"prodoceo"	"preach (Collins); teach, inculcate; indoctrinate (Nelson);"
"455"	"profisceo"	"set out; depart;"
"456"	"prohibeo"	"hinder, restrain; forbid, prevent;"
"457"	"prohibesseo"	"hinder, restrain; forbid, prevent; (archaic form of prohibeo);"
"458"	"promereo"	"deserve, merit; deserve well of; earn; gain;"
"459"	"promineo"	"jut out, stick up;"
"460"	"promoveo"	"move forward;"
"461"	"propendeo"	"hand down; weigh more; be inclined;"
"462"	"proterreo"	"frighten;"
"463"	"provideo"	"foresee; provide for, make provision; with DAT;"
"464"	"pudeo"	"be ashamed; make ashamed; [me pudet => I am ashamed];"
"465"	"pudet"	"it shames, make ashamed; [me tui pudet => I am ashamed of you];"
"466"	"puteo"	"stink, be rotten/putrid; smell bad; rot/decompose (in such a way as to stink);"
"467"	"ratihabeo"	"ratify;"
"468"	"reageo"	"react;"
"469"	"recaleo"	"grow warm (again);"
"470"	"recalesceo"	"grow warm (again);"
"471"	"recenseo"	"review/examine/survey/muster; enumerate/count, make census/roll; pass in review;"
"472"	"recenseo"	"review/examine/survey/muster; enumerate/count, make census/roll; pass in review;"
"473"	"recipeo"	"record (sounds, pictures);"
"474"	"recudeo"	"reprint;"
"475"	"redhibeo"	"take back;"
"476"	"redoleo"	"emit a scent, be odorous;"
"477"	"referveo"	"boil over;"
"478"	"refoveo"	"warm again; refresh, revive;"
"479"	"refulgeo"	"flash back, reflect light; shine brightly; gleam, glitter, glisten;"
"480"	"reimprimeo"	"reprint;"
"481"	"reluceo"	"shine out;"
"482"	"remaneo"	"stay behind; continue, remain;"
"483"	"remisceo"	"mix/mingle in; remix/remingle (L+S); mix up/again; intermingle;"
"484"	"remisceo"	"mix/mingle in; remix/remingle (L+S); mix up/again; intermingle;"
"485"	"remordeo"	"bite back; gnaw, nag;"
"486"	"removeo"	"move back; put away; withdraw; remove;"
"487"	"remulceo"	"stroke/fold back;"
"488"	"reneo"	"unspin; undo;"
"489"	"renideo"	"shine (back), gleam; smile back (at);"
"490"	"repleo"	"fill again; complete, fill;"
"491"	"resideo"	"sit down/on/in; settle; be perched; remain seated/idle/fixed/in place; squat;"
"492"	"resideo"	"|abate/subside; be left over/retained, persist/stay; fall back; W:be encamped;"
"493"	"resorbeo"	"swallow down;"
"494"	"resplendeo"	"shine brightly (w/reflected light); radiate light/shine brightly (luminary);"
"495"	"respondeo"	"answer;"
"496"	"reticeo"	"keep silent; give no reply; refrain from speaking/mentioning; leave unsaid;"
"497"	"retineo"	"hold back, restrain; uphold; delay; hold fast; retain,preserve;"
"498"	"retorqueo"	"twist back; cast back; fling back; turn aside;"
"499"	"rideo"	"laugh at (with dat.), laugh; ridicule;"
"500"	"rigeo"	"be stiff or numb; stand on end; be solidified;"
"501"	"rubeo"	"be red, become red;"
"502"	"salveo"	"be well/in good health; [salve => hello/hail/greetings; farewell/goodbye];"
"503"	"scateo"	"gush out, bubble, spring forth; swarm (with), be alive (with);"
"504"	"sedeo"	"sit, remain; settle; encamp;"
"505"	"semoveo"	"separate, set aside (Collins); remove, set apart, isolate (Nelson);"
"506"	"seneo"	"be old;"
"507"	"sepeleo"	"bury/inter; (Romans cremate + inter ashes); submerge, overcome; suppress; ruin;"
"508"	"sileo"	"be silent, not to speak (about); be quiet; not to function;"
"509"	"soleo"	"be in the habit of; become accustomed to;"
"510"	"sorbeo"	"drink, absorb;"
"511"	"sordeo"	"be dirty/soiled; seem mean/unworthy/not good enough/common/coarse/vile/ignoble;"
"512"	"sordesceo"	"become dirty; grow wild; be mean;"
"513"	"splendeo"	"shine/gleam/glitter, be bright/radiant/resplendent (white/color)/distinguished;"
"514"	"spondeo"	"promise, give pledge/undertaking/surety; contract to give/take in marriage;"
"515"	"spondeo"	"promise, give pledge/undertaking/surety; contract to give/take in marriage;"
"516"	"squaleo"	"be covered with a rough or scaly layer; be dirty;"
"517"	"strideo"	"creak, squeak, grate, shriek, whistle; (make shrill sound); hiss; gnash;"
"518"	"studeo"	"desire, be eager for; busy oneself with; strive;"
"519"	"stupeo"	"be astounded;"
"520"	"suadeo"	"urge, recommend; suggest; induce; propose, persuade, advise;"
"521"	"subinvideo"	"envy a little; be somewhat envious;"
"522"	"subjaceo"	"lie underneath/below/at the foot/edge of/exposed (to); come under heading of;"
"523"	"subluceo"	"shine faintly, glimmer;"
"524"	"submoneo"	"remind secretly;"
"525"	"submoveo"	"remove; drive off, dislodge; expel; ward off; keep at a distance; bar/debar;"
"526"	"subolet"	"make a weak scent; [mihi subolet => I detect/smell/sniff out];"
"527"	"subrideo"	"smile;"
"528"	"subrubeo"	"be tinged with red or purple;"
"529"	"subtimeo"	"be somewhat afraid;"
"530"	"suburgeo"	"drive up close;"
"531"	"sueo"	"to accustom; to be accustomed;"
"532"	"summoneo"	"remind secretly;"
"533"	"summoveo"	"remove; drive off, dislodge; expel; ward off; keep at a distance; bar/debar;"
"534"	"superemineo"	"overtop, stand out above the level of;"
"535"	"superimmineo"	"stand above in a threatening position;"
"536"	"superinvaleo"	"excel in strength;"
"537"	"superjaceo"	"lie over; lie upon;"
"538"	"supersedeo"	"refrain (from), desist (from);"
"539"	"suppleo"	"supply;"
"540"	"suppudet"	"be somewhat ashamed;"
"541"	"suscenseo"	"be angry; be indignant with;"
"542"	"sustineo"	"support; check; put off; put up with; sustain; hold back;"
"543"	"tabeo"	"rot away, decay; waste away;"
"544"	"taceo"	"be silent; pass over in silence; leave unmentioned, be silent about something;"
"545"	"taedeo"	"be tired/weary/sick (of) (w/GEN or INF+ACC of person); be disgusted/offended;"
"546"	"taedet"	"be tired/weary/sick (of) (w/GEN or INF+ACC of person); be disgusted/offended;"
"547"	"teneo"	"hold, keep; comprehend; possess; master; preserve; [tenere memoria => remember];"
"548"	"teneo"	"|represent; support;"
"549"	"tepeo"	"be warm/tepid/lukewarm; have body warmth; feel love warmth/glow; fall flat;"
"550"	"tergeo"	"rub, wipe; wipe off, wipe dry; clean, cleanse;"
"551"	"terreo"	"frighten, scare, terrify, deter;"
"552"	"timeo"	"fear, dread, be afraid (ne + SUB = lest; ut or ne non + SUB = that ... not);"
"553"	"tondeo"	"cut, shear, clip;"
"554"	"torpeo"	"be numb or lethargic; be struck motionless from fear;"
"555"	"torqueo"	"turn, twist; hurl; torture; torment; bend, distort; spin, whirl; wind (round);"
"556"	"torreo"	"parch, roast, scorch, bake, burn; dry up; begin to burn; harden by charring;"
"557"	"transluceo"	"shine through or across; be transparent;"
"558"	"transmoveo"	"remove; transfer;"
"559"	"transtineo"	"go through (Plautus);"
"560"	"tumeo"	"swell, become inflated; be puffed up; be bombastic; be swollen with conceit;"
"561"	"turgeo"	"swell out, become swollen or tumid;"
"562"	"umeo"	"be wet; be moist;"
"563"	"ungueo"	"anoint/rub (w/oil/unguent); smear with oil/grease; dress (food w/oil); add oil;"
"564"	"urgeo"	"press/squeeze/bear hard/down; tread/traverse continually; push/shove/thrust;"
"565"	"urgeo"	"|spur on, urge; press hard in attack/pursuit, beset, follow hard on heels of;"
"566"	"urgeo"	"||hem in; threaten by proximity; press verbally/argument/point; follow up;"
"567"	"urgueo"	"press/squeeze/bear hard/down; tread/traverse continually; push/shove/thrust;"
"568"	"urgueo"	"|spur on, urge; press hard in attack/pursuit, beset, follow hard on heels of;"
"569"	"urgueo"	"||hem in; threaten by proximity; press verbally/argument/point; follow up;"
"570"	"valeo"	"be strong/powerful/influential/healthy; prevail; [vale => goodbye/farewell];"
"571"	"valet"	"farewell, goodbye, adieu (the Roman equivalent of \"Live long and prosper\");"
"572"	"vegeo"	"stir up, excite;"
"573"	"video"	"see, look at; consider; (PASS) seem, seem good, appear, be seen;"
"574"	"vieo"	"plait, weave; bend/twist into basketwork;"
"575"	"vigeo"	"be strong/vigorous; thrive, flourish, bloom/blossom; be active, be effective;"
"576"	"vireo"	"be green or verdant; be lively or vigorous; be full of youthful vigor;"
"577"	"voveo"	"vow, dedicate, consecrate;"
